"";"Trait";"variable";"value";"type";"SampleNr"
"1";"Cab";"B02";0,155208999124956;"mSI";100
"2";"Car";"B02";0,483292146791709;"mSI";100
"3";"Cw";"B02";0,00184421784971755;"mSI";100
"4";"Cm";"B02";0,00258385015154913;"mSI";100
"5";"LAI";"B02";0,0091446032806164;"mSI";100
"6";"Cab";"B03";0,953784532418105;"mSI";100
"7";"Car";"B03";0,00412631365742033;"mSI";100
"8";"Cw";"B03";5,34115342098758e-05;"mSI";100
"9";"Cm";"B03";0,00551671172338714;"mSI";100
"10";"LAI";"B03";0,00642545374692748;"mSI";100
"11";"Cab";"B04";0,832933004671278;"mSI";100
"12";"Car";"B04";0,00250347999317507;"mSI";100
"13";"Cw";"B04";0,00250277867441734;"mSI";100
"14";"Cm";"B04";0,00293217634187721;"mSI";100
"15";"LAI";"B04";0,0094855126305141;"mSI";100
"16";"Cab";"B05";0,971284968591257;"mSI";100
"17";"Car";"B05";0,000279237780328131;"mSI";100
"18";"Cw";"B05";0,000279497806276605;"mSI";100
"19";"Cm";"B05";0,0167158550924796;"mSI";100
"20";"LAI";"B05";0,00862783868956805;"mSI";100
"21";"Cab";"B06";0,382108226746104;"mSI";100
"22";"Car";"B06";0,00279819248983069;"mSI";100
"23";"Cw";"B06";0,00292434803180662;"mSI";100
"24";"Cm";"B06";0,755149984258479;"mSI";100
"25";"LAI";"B06";0,134346948191762;"mSI";100
"26";"Cab";"B07";0,00393350701225854;"mSI";100
"27";"Car";"B07";0,00392546556127442;"mSI";100
"28";"Cw";"B07";0,00423568996856449;"mSI";100
"29";"Cm";"B07";0,697767459439696;"mSI";100
"30";"LAI";"B07";0,24352801262262;"mSI";100
"31";"Cab";"B8A";0,00373549686422153;"mSI";100
"32";"Car";"B8A";0,00373549686422153;"mSI";100
"33";"Cw";"B8A";0,00465891882219923;"mSI";100
"34";"Cm";"B8A";0,711194256796881;"mSI";100
"35";"LAI";"B8A";0,232122690670814;"mSI";100
"36";"Cab";"B11";0,000114586400087749;"mSI";100
"37";"Car";"B11";0,000114586400087749;"mSI";100
"38";"Cw";"B11";0,629304416206302;"mSI";100
"39";"Cm";"B11";0,428133230625255;"mSI";100
"40";"LAI";"B11";0,00195982528408366;"mSI";100
"41";"Cab";"B12";0,000262231482053556;"mSI";100
"42";"Car";"B12";0,000262231482053556;"mSI";100
"43";"Cw";"B12";0,329290154288604;"mSI";100
"44";"Cm";"B12";0,342114352755545;"mSI";100
"45";"LAI";"B12";0,0186921019674071;"mSI";100
"46";"Cab";"GSI";0,347247133292042;"mSI";100
"47";"Car";"GSI";0,00373685441650696;"mSI";100
"48";"Cw";"GSI";0,0795247600355624;"mSI";100
"49";"Cm";"GSI";0,472747206264593;"mSI";100
"50";"LAI";"GSI";0,121031428567255;"mSI";100
"51";"Cab";"B02";0,155208999124956;"mSI";100
"52";"Car";"B02";0,483292146791709;"mSI";100
"53";"Cw";"B02";0,00184421784971755;"mSI";100
"54";"Cm";"B02";0,00258385015154913;"mSI";100
"55";"LAI";"B02";0,0091446032806164;"mSI";100
"56";"Cab";"B03";0,953784532418105;"mSI";100
"57";"Car";"B03";0,00412631365742033;"mSI";100
"58";"Cw";"B03";5,34115342098758e-05;"mSI";100
"59";"Cm";"B03";0,00551671172338714;"mSI";100
"60";"LAI";"B03";0,00642545374692748;"mSI";100
"61";"Cab";"B04";0,832933004671278;"mSI";100
"62";"Car";"B04";0,00250347999317507;"mSI";100
"63";"Cw";"B04";0,00250277867441734;"mSI";100
"64";"Cm";"B04";0,00293217634187721;"mSI";100
"65";"LAI";"B04";0,0094855126305141;"mSI";100
"66";"Cab";"B05";0,971284968591257;"mSI";100
"67";"Car";"B05";0,000279237780328131;"mSI";100
"68";"Cw";"B05";0,000279497806276605;"mSI";100
"69";"Cm";"B05";0,0167158550924796;"mSI";100
"70";"LAI";"B05";0,00862783868956805;"mSI";100
"71";"Cab";"B06";0,382108226746104;"mSI";100
"72";"Car";"B06";0,00279819248983069;"mSI";100
"73";"Cw";"B06";0,00292434803180662;"mSI";100
"74";"Cm";"B06";0,755149984258479;"mSI";100
"75";"LAI";"B06";0,134346948191762;"mSI";100
"76";"Cab";"B07";0,00393350701225854;"mSI";100
"77";"Car";"B07";0,00392546556127442;"mSI";100
"78";"Cw";"B07";0,00423568996856449;"mSI";100
"79";"Cm";"B07";0,697767459439696;"mSI";100
"80";"LAI";"B07";0,24352801262262;"mSI";100
"81";"Cab";"B8A";0,00373549686422153;"mSI";100
"82";"Car";"B8A";0,00373549686422153;"mSI";100
"83";"Cw";"B8A";0,00465891882219923;"mSI";100
"84";"Cm";"B8A";0,711194256796881;"mSI";100
"85";"LAI";"B8A";0,232122690670814;"mSI";100
"86";"Cab";"B11";0,000114586400087749;"mSI";100
"87";"Car";"B11";0,000114586400087749;"mSI";100
"88";"Cw";"B11";0,629304416206302;"mSI";100
"89";"Cm";"B11";0,428133230625255;"mSI";100
"90";"LAI";"B11";0,00195982528408366;"mSI";100
"91";"Cab";"B12";0,000262231482053556;"mSI";100
"92";"Car";"B12";0,000262231482053556;"mSI";100
"93";"Cw";"B12";0,329290154288604;"mSI";100
"94";"Cm";"B12";0,342114352755545;"mSI";100
"95";"LAI";"B12";0,0186921019674071;"mSI";100
"96";"Cab";"GSI";0,347247133292042;"mSI";100
"97";"Car";"GSI";0,00373685441650696;"mSI";100
"98";"Cw";"GSI";0,0795247600355624;"mSI";100
"99";"Cm";"GSI";0,472747206264593;"mSI";100
"100";"LAI";"GSI";0,121031428567255;"mSI";100
"101";"Cab";"B02";0,173744641396598;"mSI";200
"102";"Car";"B02";0,573934196198816;"mSI";200
"103";"Cw";"B02";0,000919377920094483;"mSI";200
"104";"Cm";"B02";0,00199536690412422;"mSI";200
"105";"LAI";"B02";0,00958008897704257;"mSI";200
"106";"Cab";"B03";0,933978085512524;"mSI";200
"107";"Car";"B03";0,00482827663099286;"mSI";200
"108";"Cw";"B03";1,82555422156572e-05;"mSI";200
"109";"Cm";"B03";0,00569888911339318;"mSI";200
"110";"LAI";"B03";0,00378580213528651;"mSI";200
"111";"Cab";"B04";0,812784916930611;"mSI";200
"112";"Car";"B04";6,18213929991779e-05;"mSI";200
"113";"Cw";"B04";6,18237047033739e-05;"mSI";200
"114";"Cm";"B04";0,000925834248353486;"mSI";200
"115";"LAI";"B04";0,0013481176582868;"mSI";200
"116";"Cab";"B05";0,919371690670389;"mSI";200
"117";"Car";"B05";2,68726004258225e-05;"mSI";200
"118";"Cw";"B05";2,70203008341955e-05;"mSI";200
"119";"Cm";"B05";0,0162187977858473;"mSI";200
"120";"LAI";"B05";0,00667979058829656;"mSI";200
"121";"Cab";"B06";0,163820103460313;"mSI";200
"122";"Car";"B06";1,86488169435965e-06;"mSI";200
"123";"Cw";"B06";7,57501521245178e-05;"mSI";200
"124";"Cm";"B06";0,750954365317279;"mSI";200
"125";"LAI";"B06";0,135557682476728;"mSI";200
"126";"Cab";"B07";5,10910387731962e-05;"mSI";200
"127";"Car";"B07";4,99997051676377e-05;"mSI";200
"128";"Cw";"B07";0,000138713675809872;"mSI";200
"129";"Cm";"B07";0,692103721152236;"mSI";200
"130";"LAI";"B07";0,248109159491364;"mSI";200
"131";"Cab";"B8A";5,2068649835613e-05;"mSI";200
"132";"Car";"B8A";5,2068649835613e-05;"mSI";200
"133";"Cw";"B8A";0,000333798780987587;"mSI";200
"134";"Cm";"B8A";0,701445857927583;"mSI";200
"135";"LAI";"B8A";0,240294195107846;"mSI";200
"136";"Cab";"B11";0,000161197168111463;"mSI";200
"137";"Car";"B11";0,000161197168111463;"mSI";200
"138";"Cw";"B11";0,575183144939159;"mSI";200
"139";"Cm";"B11";0,386529071873678;"mSI";200
"140";"LAI";"B11";0,00363272782690921;"mSI";200
"141";"Cab";"B12";0,000841502886285137;"mSI";200
"142";"Car";"B12";0,000841502886285137;"mSI";200
"143";"Cw";"B12";0,436247474835041;"mSI";200
"144";"Cm";"B12";0,450607350718478;"mSI";200
"145";"LAI";"B12";0,0884070738584661;"mSI";200
"146";"Cab";"GSI";0,203182180758815;"mSI";200
"147";"Car";"GSI";0,000561540049947378;"mSI";200
"148";"Cw";"GSI";0,03572013537819;"mSI";200
"149";"Cm";"GSI";0,557321563673644;"mSI";200
"150";"LAI";"GSI";0,164741334539332;"mSI";200
"151";"Cab";"B02";0,123733984696088;"mSI";400
"152";"Car";"B02";0,417646344099398;"mSI";400
"153";"Cw";"B02";1,58390404957831e-05;"mSI";400
"154";"Cm";"B02";0,00101098636266766;"mSI";400
"155";"LAI";"B02";0,0109784969550611;"mSI";400
"156";"Cab";"B03";0,927486913095957;"mSI";400
"157";"Car";"B03";0,00286148912206475;"mSI";400
"158";"Cw";"B03";1,04603154324072e-05;"mSI";400
"159";"Cm";"B03";0,0043907313787982;"mSI";400
"160";"LAI";"B03";0,0038273178302651;"mSI";400
"161";"Cab";"B04";0,796926113666696;"mSI";400
"162";"Car";"B04";1,71008657010034e-05;"mSI";400
"163";"Cw";"B04";1,74748560867416e-05;"mSI";400
"164";"Cm";"B04";0,00108337591824873;"mSI";400
"165";"LAI";"B04";0,000390947440512628;"mSI";400
"166";"Cab";"B05";0,936150745955662;"mSI";400
"167";"Car";"B05";1,73221449847685e-05;"mSI";400
"168";"Cw";"B05";1,48294764699699e-05;"mSI";400
"169";"Cm";"B05";0,0118460274234421;"mSI";400
"170";"LAI";"B05";0,00728789114003082;"mSI";400
"171";"Cab";"B06";0,17917451443326;"mSI";400
"172";"Car";"B06";1,63256944886444e-05;"mSI";400
"173";"Cw";"B06";5,4680229540286e-05;"mSI";400
"174";"Cm";"B06";0,530656388485186;"mSI";400
"175";"LAI";"B06";0,218294911127158;"mSI";400
"176";"Cab";"B07";1,39500280820582e-05;"mSI";400
"177";"Car";"B07";1,2867239953628e-05;"mSI";400
"178";"Cw";"B07";0,000108564015019263;"mSI";400
"179";"Cm";"B07";0,692604251231013;"mSI";400
"180";"LAI";"B07";0,249782259645136;"mSI";400
"181";"Cab";"B8A";1,21731612211782e-05;"mSI";400
"182";"Car";"B8A";1,21731612211782e-05;"mSI";400
"183";"Cw";"B8A";0,000315868212532;"mSI";400
"184";"Cm";"B8A";0,703092272391667;"mSI";400
"185";"LAI";"B8A";0,240656637406235;"mSI";400
"186";"Cab";"B11";5,9623798997402e-06;"mSI";400
"187";"Car";"B11";5,9623798997402e-06;"mSI";400
"188";"Cw";"B11";0,567042930691281;"mSI";400
"189";"Cm";"B11";0,376131044020698;"mSI";400
"190";"LAI";"B11";0,00307313731607066;"mSI";400
"191";"Cab";"B12";4,26160388242418e-05;"mSI";400
"192";"Car";"B12";4,26160388242418e-05;"mSI";400
"193";"Cw";"B12";0,390406644687701;"mSI";400
"194";"Cm";"B12";0,404380724937042;"mSI";400
"195";"LAI";"B12";0,0654124813657451;"mSI";400
"196";"Cab";"GSI";0,248375948268011;"mSI";400
"197";"Car";"GSI";0,000450413982198152;"mSI";400
"198";"Cw";"GSI";0,0360766139903744;"mSI";400
"199";"Cm";"GSI";0,485550517966687;"mSI";400
"200";"LAI";"GSI";0,168662287045099;"mSI";400
"201";"Cab";"B02";0,132691476829823;"mSI";800
"202";"Car";"B02";0,445728451300572;"mSI";800
"203";"Cw";"B02";1,01921856577296e-05;"mSI";800
"204";"Cm";"B02";0,000682589701890656;"mSI";800
"205";"LAI";"B02";0,00843745521393821;"mSI";800
"206";"Cab";"B03";0,92185461812346;"mSI";800
"207";"Car";"B03";0,00344185102744592;"mSI";800
"208";"Cw";"B03";4,050326075261e-06;"mSI";800
"209";"Cm";"B03";0,00502424195874827;"mSI";800
"210";"LAI";"B03";0,00380475936658392;"mSI";800
"211";"Cab";"B04";0,787658540773669;"mSI";800
"212";"Car";"B04";1,76508094459702e-06;"mSI";800
"213";"Cw";"B04";1,84724671203838e-06;"mSI";800
"214";"Cm";"B04";0,000883836021400276;"mSI";800
"215";"LAI";"B04";0,000667392525591189;"mSI";800
"216";"Cab";"B05";0,928067597600067;"mSI";800
"217";"Car";"B05";4,23613582315004e-06;"mSI";800
"218";"Cw";"B05";5,52311373170845e-06;"mSI";800
"219";"Cm";"B05";0,0131797763738996;"mSI";800
"220";"LAI";"B05";0,0072252631848237;"mSI";800
"221";"Cab";"B06";0,179025075958525;"mSI";800
"222";"Car";"B06";1,46942533539317e-05;"mSI";800
"223";"Cw";"B06";9,29324855741544e-05;"mSI";800
"224";"Cm";"B06";0,534004880194233;"mSI";800
"225";"LAI";"B06";0,21600688280056;"mSI";800
"226";"Cab";"B07";1,35124781473216e-05;"mSI";800
"227";"Car";"B07";1,24306099029278e-05;"mSI";800
"228";"Cw";"B07";0,00010840078679847;"mSI";800
"229";"Cm";"B07";0,692043969937634;"mSI";800
"230";"LAI";"B07";0,249296359839974;"mSI";800
"231";"Cab";"B8A";1,16403055905613e-05;"mSI";800
"232";"Car";"B8A";1,16403055905613e-05;"mSI";800
"233";"Cw";"B8A";0,00031601151705776;"mSI";800
"234";"Cm";"B8A";0,702513120863552;"mSI";800
"235";"LAI";"B8A";0,240186601315694;"mSI";800
"236";"Cab";"B11";1,48151004585178e-06;"mSI";800
"237";"Car";"B11";1,48151004585178e-06;"mSI";800
"238";"Cw";"B11";0,563555952951694;"mSI";800
"239";"Cm";"B11";0,374399137063581;"mSI";800
"240";"LAI";"B11";0,00321359203408966;"mSI";800
"241";"Cab";"B12";3,83816773415163e-05;"mSI";800
"242";"Car";"B12";3,83816773415163e-05;"mSI";800
"243";"Cw";"B12";0,38619314274931;"mSI";800
"244";"Cm";"B12";0,39983817803694;"mSI";800
"245";"LAI";"B12";0,0645476058653787;"mSI";800
"246";"Cab";"GSI";0,245024074798337;"mSI";800
"247";"Car";"GSI";0,00054003767138303;"mSI";800
"248";"Cw";"GSI";0,036112046666161;"mSI";800
"249";"Cm";"GSI";0,48693891858912;"mSI";800
"250";"LAI";"GSI";0,168257310511564;"mSI";800
"251";"Cab";"B02";0,131713248880236;"mSI";1600
"252";"Car";"B02";0,444221078233793;"mSI";1600
"253";"Cw";"B02";1,06688915885857e-05;"mSI";1600
"254";"Cm";"B02";0,000676948812633699;"mSI";1600
"255";"LAI";"B02";0,00754287875136147;"mSI";1600
"256";"Cab";"B03";0,92542120245344;"mSI";1600
"257";"Car";"B03";0,00331314451298143;"mSI";1600
"258";"Cw";"B03";7,6120529759007e-07;"mSI";1600
"259";"Cm";"B03";0,00487092790664305;"mSI";1600
"260";"LAI";"B03";0,00379425021881473;"mSI";1600
"261";"Cab";"B04";0,792635524716332;"mSI";1600
"262";"Car";"B04";1,03686642011185e-06;"mSI";1600
"263";"Cw";"B04";1,12091027935584e-06;"mSI";1600
"264";"Cm";"B04";0,000882932183092459;"mSI";1600
"265";"LAI";"B04";0,000603287108785098;"mSI";1600
"266";"Cab";"B05";0,932029930128736;"mSI";1600
"267";"Car";"B05";7,11316195492072e-07;"mSI";1600
"268";"Cw";"B05";1,33662609910294e-06;"mSI";1600
"269";"Cm";"B05";0,0129740040275377;"mSI";1600
"270";"LAI";"B05";0,0071955344750505;"mSI";1600
"271";"Cab";"B06";0,178831636992365;"mSI";1600
"272";"Car";"B06";3,68741278070781e-07;"mSI";1600
"273";"Cw";"B06";7,5147883100659e-05;"mSI";1600
"274";"Cm";"B06";0,533912177281556;"mSI";1600
"275";"LAI";"B06";0,216349567352006;"mSI";1600
"276";"Cab";"B07";1,07747520535098e-06;"mSI";1600
"277";"Car";"B07";5,94734260616738e-12;"mSI";1600
"278";"Cw";"B07";9,5601960139885e-05;"mSI";1600
"279";"Cm";"B07";0,692280768846642;"mSI";1600
"280";"LAI";"B07";0,249604902603026;"mSI";1600
"281";"Cab";"B8A";3,78612242387854e-31;"mSI";1600
"282";"Car";"B8A";3,78612242387854e-31;"mSI";1600
"283";"Cw";"B8A";0,000303301002373894;"mSI";1600
"284";"Cm";"B8A";0,702848462891481;"mSI";1600
"285";"LAI";"B8A";0,240552255148202;"mSI";1600
"286";"Cab";"B11";3,5245569933983e-32;"mSI";1600
"287";"Car";"B11";3,5245569933983e-32;"mSI";1600
"288";"Cw";"B11";0,563434271623392;"mSI";1600
"289";"Cm";"B11";0,374173595908971;"mSI";1600
"290";"LAI";"B11";0,00298467756972417;"mSI";1600
"291";"Cab";"B12";7,85443303074268e-31;"mSI";1600
"292";"Car";"B12";7,85443303074268e-31;"mSI";1600
"293";"Cw";"B12";0,384867017411379;"mSI";1600
"294";"Cm";"B12";0,398428882434277;"mSI";1600
"295";"LAI";"B12";0,0605668665150264;"mSI";1600
"296";"Cab";"GSI";0,246328776685302;"mSI";1600
"297";"Car";"GSI";0,000538537991304741;"mSI";1600
"298";"Cw";"GSI";0,0359833432625129;"mSI";1600
"299";"Cm";"GSI";0,486719666058505;"mSI";1600
"300";"LAI";"GSI";0,168371644645664;"mSI";1600
"301";"Cab";"B02";0,130532223995297;"mSI";3200
"302";"Car";"B02";0,440268846321402;"mSI";3200
"303";"Cw";"B02";1,8162672021717e-06;"mSI";3200
"304";"Cm";"B02";0,000795673983678985;"mSI";3200
"305";"LAI";"B02";0,00573916418946011;"mSI";3200
"306";"Cab";"B03";0,921796592701658;"mSI";3200
"307";"Car";"B03";0,00328480829826206;"mSI";3200
"308";"Cw";"B03";1,13905669030767e-06;"mSI";3200
"309";"Cm";"B03";0,00487091860668151;"mSI";3200
"310";"LAI";"B03";0,0037964179101623;"mSI";3200
"311";"Cab";"B04";0,791711333042286;"mSI";3200
"312";"Car";"B04";2,65312074595851e-06;"mSI";3200
"313";"Cw";"B04";2,80129377362752e-06;"mSI";3200
"314";"Cm";"B04";0,000925604398095084;"mSI";3200
"315";"LAI";"B04";0,000583948692306663;"mSI";3200
"316";"Cab";"B05";0,927684109830424;"mSI";3200
"317";"Car";"B05";5,82457187129595e-07;"mSI";3200
"318";"Cw";"B05";1,1023228780747e-06;"mSI";3200
"319";"Cm";"B05";0,0130124399136176;"mSI";3200
"320";"LAI";"B05";0,00719705247084546;"mSI";3200
"321";"Cab";"B06";0,179806213653881;"mSI";3200
"322";"Car";"B06";4,57770442369569e-08;"mSI";3200
"323";"Cw";"B06";6,74122025473947e-05;"mSI";3200
"324";"Cm";"B06";0,53465030743987;"mSI";3200
"325";"LAI";"B06";0,216296556062074;"mSI";3200
"326";"Cab";"B07";1,19557431828471e-06;"mSI";3200
"327";"Car";"B07";9,60897924801271e-09;"mSI";3200
"328";"Cw";"B07";9,71891728503852e-05;"mSI";3200
"329";"Cm";"B07";0,692935292125292;"mSI";3200
"330";"LAI";"B07";0,249629386046758;"mSI";3200
"331";"Cab";"B8A";9,90551265944857e-09;"mSI";3200
"332";"Car";"B8A";9,90551265944857e-09;"mSI";3200
"333";"Cw";"B8A";0,000307185071112339;"mSI";3200
"334";"Cm";"B8A";0,703414192951521;"mSI";3200
"335";"LAI";"B8A";0,240525387395239;"mSI";3200
"336";"Cab";"B11";6,71520568082647e-08;"mSI";3200
"337";"Car";"B11";6,71520568082647e-08;"mSI";3200
"338";"Cw";"B11";0,563492911850954;"mSI";3200
"339";"Cm";"B11";0,374916711914444;"mSI";3200
"340";"LAI";"B11";0,00301115634700764;"mSI";3200
"341";"Cab";"B12";8,68911863103515e-08;"mSI";3200
"342";"Car";"B12";8,68911863103515e-08;"mSI";3200
"343";"Cw";"B12";0,384527011590184;"mSI";3200
"344";"Cm";"B12";0,398044966613879;"mSI";3200
"345";"LAI";"B12";0,0612801605791049;"mSI";3200
"346";"Cab";"GSI";0,247571213416301;"mSI";3200
"347";"Car";"GSI";0,000557411378274178;"mSI";3200
"348";"Cw";"GSI";0,0362561461878741;"mSI";3200
"349";"Cm";"GSI";0,485542656338478;"mSI";3200
"350";"LAI";"GSI";0,167687657739825;"mSI";3200
"351";"Cab";"B02";0,131080965535608;"mSI";6400
"352";"Car";"B02";0,44215741082032;"mSI";6400
"353";"Cw";"B02";2,65791097449606e-07;"mSI";6400
"354";"Cm";"B02";0,000634638483570353;"mSI";6400
"355";"LAI";"B02";0,00722311450574305;"mSI";6400
"356";"Cab";"B03";0,919442322264051;"mSI";6400
"357";"Car";"B03";0,003267603679594;"mSI";6400
"358";"Cw";"B03";3,87691642136271e-07;"mSI";6400
"359";"Cm";"B03";0,00486410595734568;"mSI";6400
"360";"LAI";"B03";0,00380349750975954;"mSI";6400
"361";"Cab";"B04";0,788760580822635;"mSI";6400
"362";"Car";"B04";1,41922977030823e-06;"mSI";6400
"363";"Cw";"B04";1,53391689991274e-06;"mSI";6400
"364";"Cm";"B04";0,000910677857416808;"mSI";6400
"365";"LAI";"B04";0,000585329127564008;"mSI";6400
"366";"Cab";"B05";0,924163621122966;"mSI";6400
"367";"Car";"B05";2,19987421012944e-07;"mSI";6400
"368";"Cw";"B05";6,31233977307279e-07;"mSI";6400
"369";"Cm";"B05";0,0129998776748572;"mSI";6400
"370";"LAI";"B05";0,00719702265096151;"mSI";6400
"371";"Cab";"B06";0,179151389159087;"mSI";6400
"372";"Car";"B06";2,88968447646609e-09;"mSI";6400
"373";"Cw";"B06";6,60963276725546e-05;"mSI";6400
"374";"Cm";"B06";0,534407275973545;"mSI";6400
"375";"LAI";"B06";0,21641767281769;"mSI";6400
"376";"Cab";"B07";1,07890649329104e-06;"mSI";6400
"377";"Car";"B07";4,04135517853756e-11;"mSI";6400
"378";"Cw";"B07";9,60662267426732e-05;"mSI";6400
"379";"Cm";"B07";0,692845790721609;"mSI";6400
"380";"LAI";"B07";0,24966138477593;"mSI";6400
"381";"Cab";"B8A";4,04860031087632e-11;"mSI";6400
"382";"Car";"B8A";4,04860031087632e-11;"mSI";6400
"383";"Cw";"B8A";0,000304940536281737;"mSI";6400
"384";"Cm";"B8A";0,703295911338915;"mSI";6400
"385";"LAI";"B8A";0,240546521033115;"mSI";6400
"386";"Cab";"B11";5,35911036234556e-11;"mSI";6400
"387";"Car";"B11";5,35911036234556e-11;"mSI";6400
"388";"Cw";"B11";0,56218079151134;"mSI";6400
"389";"Cm";"B11";0,373848239033117;"mSI";6400
"390";"LAI";"B11";0,00303792252911261;"mSI";6400
"391";"Cab";"B12";1,17752689245428e-10;"mSI";6400
"392";"Car";"B12";1,17752689245428e-10;"mSI";6400
"393";"Cw";"B12";0,384673479208889;"mSI";6400
"394";"Cm";"B12";0,398164828409065;"mSI";6400
"395";"LAI";"B12";0,0637866767297722;"mSI";6400
"396";"Cab";"GSI";0,246188682546249;"mSI";6400
"397";"Car";"GSI";0,000546188888023695;"mSI";6400
"398";"Cw";"GSI";0,0359467390268924;"mSI";6400
"399";"Cm";"GSI";0,485936919728826;"mSI";6400
"400";"LAI";"GSI";0,168026923114151;"mSI";6400
"401";"Cab";"B02";0,365059920021299;"iSI";100
"402";"Car";"B02";0,384432372325427;"iSI";100
"403";"Cw";"B02";0,0406580836646083;"iSI";100
"404";"Cm";"B02";0,0404044186923952;"iSI";100
"405";"LAI";"B02";0,114745108970098;"iSI";100
"406";"Cab";"B03";0,0386491928067551;"iSI";100
"407";"Car";"B03";0,00523504705108169;"iSI";100
"408";"Cw";"B03";0,00106323235254316;"iSI";100
"409";"Cm";"B03";0,00907947570907225;"iSI";100
"410";"LAI";"B03";0,0535582697178259;"iSI";100
"411";"Cab";"B04";0,146223983605608;"iSI";100
"412";"Car";"B04";0,0516305271087967;"iSI";100
"413";"Cw";"B04";0,0516200852203292;"iSI";100
"414";"Cm";"B04";0,0493792485957175;"iSI";100
"415";"LAI";"B04";0,141000024438206;"iSI";100
"416";"Cab";"B05";0,0236136768991717;"iSI";100
"417";"Car";"B05";0,00227898856661956;"iSI";100
"418";"Cw";"B05";0,00228067819914131;"iSI";100
"419";"Cm";"B05";0,0144744644170555;"iSI";100
"420";"LAI";"B05";0,0416808091578643;"iSI";100
"421";"Cab";"B06";0,0583704703023055;"iSI";100
"422";"Car";"B06";0,042963579053639;"iSI";100
"423";"Cw";"B06";0,0433751458984563;"iSI";100
"424";"Cm";"B06";0,0373974045748848;"iSI";100
"425";"LAI";"B06";0,0491218263208267;"iSI";100
"426";"Cab";"B07";0,0617190296294377;"iSI";100
"427";"Car";"B07";0,0616384339083623;"iSI";100
"428";"Cw";"B07";0,0623974453490681;"iSI";100
"429";"Cm";"B07";0,04077523064977;"iSI";100
"430";"LAI";"B07";0,0560029358751565;"iSI";100
"431";"Cab";"B8A";0,0583906162400623;"iSI";100
"432";"Car";"B8A";0,0583906162400623;"iSI";100
"433";"Cw";"B8A";0,0597256184719238;"iSI";100
"434";"Cm";"B8A";0,0397045983763796;"iSI";100
"435";"LAI";"B8A";0,0546106644750179;"iSI";100
"436";"Cab";"B11";0,000847068106735313;"iSI";100
"437";"Car";"B11";0,000847068106735313;"iSI";100
"438";"Cw";"B11";0,0300119891154038;"iSI";100
"439";"Cm";"B11";0,0319415351334879;"iSI";100
"440";"LAI";"B11";0,0142889726295727;"iSI";100
"441";"Cab";"B12";0,00700316194011314;"iSI";100
"442";"Car";"B12";0,00700316194011314;"iSI";100
"443";"Cw";"B12";0,0911773023973906;"iSI";100
"444";"Cm";"B12";0,0914308602369097;"iSI";100
"445";"LAI";"B12";0,0209646695235976;"iSI";100
"446";"Cab";"GSI";0,0457783615313575;"iSI";100
"447";"Car";"GSI";0,0344383327054257;"iSI";100
"448";"Cw";"GSI";0,038877458747986;"iSI";100
"449";"Cm";"GSI";0,0326679656519142;"iSI";100
"450";"LAI";"GSI";0,0479342047684122;"iSI";100
"451";"Cab";"B02";0,365059920021299;"iSI";100
"452";"Car";"B02";0,384432372325427;"iSI";100
"453";"Cw";"B02";0,0406580836646083;"iSI";100
"454";"Cm";"B02";0,0404044186923952;"iSI";100
"455";"LAI";"B02";0,114745108970098;"iSI";100
"456";"Cab";"B03";0,0386491928067551;"iSI";100
"457";"Car";"B03";0,00523504705108169;"iSI";100
"458";"Cw";"B03";0,00106323235254316;"iSI";100
"459";"Cm";"B03";0,00907947570907225;"iSI";100
"460";"LAI";"B03";0,0535582697178259;"iSI";100
"461";"Cab";"B04";0,146223983605608;"iSI";100
"462";"Car";"B04";0,0516305271087967;"iSI";100
"463";"Cw";"B04";0,0516200852203292;"iSI";100
"464";"Cm";"B04";0,0493792485957175;"iSI";100
"465";"LAI";"B04";0,141000024438206;"iSI";100
"466";"Cab";"B05";0,0236136768991717;"iSI";100
"467";"Car";"B05";0,00227898856661956;"iSI";100
"468";"Cw";"B05";0,00228067819914131;"iSI";100
"469";"Cm";"B05";0,0144744644170555;"iSI";100
"470";"LAI";"B05";0,0416808091578643;"iSI";100
"471";"Cab";"B06";0,0583704703023055;"iSI";100
"472";"Car";"B06";0,042963579053639;"iSI";100
"473";"Cw";"B06";0,0433751458984563;"iSI";100
"474";"Cm";"B06";0,0373974045748848;"iSI";100
"475";"LAI";"B06";0,0491218263208267;"iSI";100
"476";"Cab";"B07";0,0617190296294377;"iSI";100
"477";"Car";"B07";0,0616384339083623;"iSI";100
"478";"Cw";"B07";0,0623974453490681;"iSI";100
"479";"Cm";"B07";0,04077523064977;"iSI";100
"480";"LAI";"B07";0,0560029358751565;"iSI";100
"481";"Cab";"B8A";0,0583906162400623;"iSI";100
"482";"Car";"B8A";0,0583906162400623;"iSI";100
"483";"Cw";"B8A";0,0597256184719238;"iSI";100
"484";"Cm";"B8A";0,0397045983763796;"iSI";100
"485";"LAI";"B8A";0,0546106644750179;"iSI";100
"486";"Cab";"B11";0,000847068106735313;"iSI";100
"487";"Car";"B11";0,000847068106735313;"iSI";100
"488";"Cw";"B11";0,0300119891154038;"iSI";100
"489";"Cm";"B11";0,0319415351334879;"iSI";100
"490";"LAI";"B11";0,0142889726295727;"iSI";100
"491";"Cab";"B12";0,00700316194011314;"iSI";100
"492";"Car";"B12";0,00700316194011314;"iSI";100
"493";"Cw";"B12";0,0911773023973906;"iSI";100
"494";"Cm";"B12";0,0914308602369097;"iSI";100
"495";"LAI";"B12";0,0209646695235976;"iSI";100
"496";"Cab";"GSI";0,0457783615313575;"iSI";100
"497";"Car";"GSI";0,0344383327054257;"iSI";100
"498";"Cw";"GSI";0,038877458747986;"iSI";100
"499";"Cm";"GSI";0,0326679656519142;"iSI";100
"500";"LAI";"GSI";0,0479342047684122;"iSI";100
"501";"Cab";"B02";0,332521848504519;"iSI";200
"502";"Car";"B02";0,314617195332435;"iSI";200
"503";"Cw";"B02";0,022722366034155;"iSI";200
"504";"Cm";"B02";0,0265085999733834;"iSI";200
"505";"LAI";"B02";0,0272728518132234;"iSI";200
"506";"Cab";"B03";0,0544149823000889;"iSI";200
"507";"Car";"B03";0,00430119564155737;"iSI";200
"508";"Cw";"B03";0,000784257055494479;"iSI";200
"509";"Cm";"B03";0,00784276518130948;"iSI";200
"510";"LAI";"B03";0,01889803815185;"iSI";200
"511";"Cab";"B04";0,166886706246316;"iSI";200
"512";"Car";"B04";0,0040906451222886;"iSI";200
"513";"Cw";"B04";0,00409065535841063;"iSI";200
"514";"Cm";"B04";0,00959315127895231;"iSI";200
"515";"LAI";"B04";0,0445704314986317;"iSI";200
"516";"Cab";"B05";0,0538546495573549;"iSI";200
"517";"Car";"B05";0,00130608664692473;"iSI";200
"518";"Cw";"B05";0,00130616807651022;"iSI";200
"519";"Cm";"B05";0,012176445493927;"iSI";200
"520";"LAI";"B05";0,0204659635754625;"iSI";200
"521";"Cab";"B06";0,0262234169112548;"iSI";200
"522";"Car";"B06";0,00491905025260635;"iSI";200
"523";"Cw";"B06";0,00492946238680675;"iSI";200
"524";"Cm";"B06";0,0219937122853201;"iSI";200
"525";"LAI";"B06";0,0424845078750587;"iSI";200
"526";"Cab";"B07";0,00490796233448411;"iSI";200
"527";"Car";"B07";0,00490666413058258;"iSI";200
"528";"Cw";"B07";0,00492613445116074;"iSI";200
"529";"Cm";"B07";0,0345289879135677;"iSI";200
"530";"LAI";"B07";0,0509182118755376;"iSI";200
"531";"Cab";"B8A";0,00478727068048449;"iSI";200
"532";"Car";"B8A";0,00478727068048449;"iSI";200
"533";"Cw";"B8A";0,0048476631279394;"iSI";200
"534";"Cm";"B8A";0,0343143615411081;"iSI";200
"535";"LAI";"B8A";0,0494273255181633;"iSI";200
"536";"Cab";"B11";0,00193632306553904;"iSI";200
"537";"Car";"B11";0,00193632306553904;"iSI";200
"538";"Cw";"B11";0,0603823114715033;"iSI";200
"539";"Cm";"B11";0,0581938617965053;"iSI";200
"540";"LAI";"B11";0,00943172797631414;"iSI";200
"541";"Cab";"B12";0,0085784126916494;"iSI";200
"542";"Car";"B12";0,0085784126916494;"iSI";200
"543";"Cw";"B12";0,142055319907739;"iSI";200
"544";"Cm";"B12";0,142065356361638;"iSI";200
"545";"LAI";"B12";0,0416861222548653;"iSI";200
"546";"Cab";"GSI";0,0193367944062232;"iSI";200
"547";"Car";"GSI";0,00438868811386987;"iSI";200
"548";"Cw";"GSI";0,00840640552261991;"iSI";200
"549";"Cm";"GSI";0,0298693690866639;"iSI";200
"550";"LAI";"GSI";0,0410149513288308;"iSI";200
"551";"Cab";"B02";0,403630323941522;"iSI";400
"552";"Car";"B02";0,431451146769908;"iSI";400
"553";"Cw";"B02";0,00551318587638156;"iSI";400
"554";"Cm";"B02";0,0108930055943147;"iSI";400
"555";"LAI";"B02";0,00967316793939603;"iSI";400
"556";"Cab";"B03";0,0576803623702373;"iSI";400
"557";"Car";"B03";0,00715500410519165;"iSI";400
"558";"Cw";"B03";0,00189647724236384;"iSI";400
"559";"Cm";"B03";0,0150497680870588;"iSI";400
"560";"LAI";"B03";0,0121071538581124;"iSI";400
"561";"Cab";"B04";0,180367317961642;"iSI";400
"562";"Car";"B04";0,00551947989589913;"iSI";400
"563";"Cw";"B04";0,00553047887248324;"iSI";400
"564";"Cm";"B04";0,0186647271296872;"iSI";400
"565";"LAI";"B04";0,0109545484801853;"iSI";400
"566";"Cab";"B05";0,0434165570834463;"iSI";400
"567";"Car";"B05";0,00205780178641687;"iSI";400
"568";"Cw";"B05";0,00206236414808275;"iSI";400
"569";"Cm";"B05";0,022219008415677;"iSI";400
"570";"LAI";"B05";0,0146130076602953;"iSI";400
"571";"Cab";"B06";0,0503043521649561;"iSI";400
"572";"Car";"B06";0,02700655177099;"iSI";400
"573";"Cw";"B06";0,0270323927788422;"iSI";400
"574";"Cm";"B06";0,0646957870881018;"iSI";400
"575";"LAI";"B06";0,0493535335661487;"iSI";400
"576";"Cab";"B07";0,0259115258822401;"iSI";400
"577";"Car";"B07";0,0259112541112776;"iSI";400
"578";"Cw";"B07";0,0258970802557515;"iSI";400
"579";"Cm";"B07";0,0568603343765598;"iSI";400
"580";"LAI";"B07";0,0557434945559874;"iSI";400
"581";"Cab";"B8A";0,0245871140181484;"iSI";400
"582";"Car";"B8A";0,0245871140181484;"iSI";400
"583";"Cw";"B8A";0,0245929655329582;"iSI";400
"584";"Cm";"B8A";0,0552738575159626;"iSI";400
"585";"LAI";"B8A";0,0542899239486006;"iSI";400
"586";"Cab";"B11";0,00325122384563632;"iSI";400
"587";"Car";"B11";0,00325122384563632;"iSI";400
"588";"Cw";"B11";0,0505739089317098;"iSI";400
"589";"Cm";"B11";0,0499856540330195;"iSI";400
"590";"LAI";"B11";0,00728828333711836;"iSI";400
"591";"Cab";"B12";0,0416457398288329;"iSI";400
"592";"Car";"B12";0,0416457398288329;"iSI";400
"593";"Cw";"B12";0,142919566419874;"iSI";400
"594";"Cm";"B12";0,142700650708362;"iSI";400
"595";"LAI";"B12";0,0370433198564529;"iSI";400
"596";"Cab";"GSI";0,0360735459535696;"iSI";400
"597";"Car";"GSI";0,0196218818216994;"iSI";400
"598";"Cw";"GSI";0,0226118843697894;"iSI";400
"599";"Cm";"GSI";0,0493893146360024;"iSI";400
"600";"LAI";"GSI";0,0413796834972847;"iSI";400
"601";"Cab";"B02";0,376220949986894;"iSI";800
"602";"Car";"B02";0,402041390445428;"iSI";800
"603";"Cw";"B02";0,00565034554992355;"iSI";800
"604";"Cm";"B02";0,00755263050455808;"iSI";800
"605";"LAI";"B02";0,0073261720699537;"iSI";800
"606";"Cab";"B03";0,0621598064494778;"iSI";800
"607";"Car";"B03";0,00691081086440266;"iSI";800
"608";"Cw";"B03";0,00240087498196789;"iSI";800
"609";"Cm";"B03";0,0127239322402368;"iSI";800
"610";"LAI";"B03";0,0118770723294282;"iSI";800
"611";"Cab";"B04";0,189615000833184;"iSI";800
"612";"Car";"B04";0,00192212169000197;"iSI";800
"613";"Cw";"B04";0,00191985901628611;"iSI";800
"614";"Cm";"B04";0,00630762324431591;"iSI";800
"615";"LAI";"B04";0,0120839290534337;"iSI";800
"616";"Cab";"B05";0,0497460420691321;"iSI";800
"617";"Car";"B05";0,0031124197765193;"iSI";800
"618";"Cw";"B05";0,0031142165946959;"iSI";800
"619";"Cm";"B05";0,0201007779017958;"iSI";800
"620";"LAI";"B05";0,0144151018452854;"iSI";800
"621";"Cab";"B06";0,0514760064377928;"iSI";800
"622";"Car";"B06";0,0285693250557728;"iSI";800
"623";"Cw";"B06";0,0285845898419771;"iSI";800
"624";"Cm";"B06";0,0638680217982766;"iSI";800
"625";"LAI";"B06";0,0481137657877285;"iSI";800
"626";"Cab";"B07";0,0259119676899159;"iSI";800
"627";"Car";"B07";0,0259117376224637;"iSI";800
"628";"Cw";"B07";0,0258980795294907;"iSI";800
"629";"Cm";"B07";0,0574383836644333;"iSI";800
"630";"LAI";"B07";0,0528772324266075;"iSI";800
"631";"Cab";"B8A";0,0245876468737789;"iSI";800
"632";"Car";"B8A";0,0245876468737789;"iSI";800
"633";"Cw";"B8A";0,0245960032441328;"iSI";800
"634";"Cm";"B8A";0,0558635362320755;"iSI";800
"635";"LAI";"B8A";0,0514649142225163;"iSI";800
"636";"Cab";"B11";0,00325570471549043;"iSI";800
"637";"Car";"B11";0,00325570471549043;"iSI";800
"638";"Cw";"B11";0,0543925659904141;"iSI";800
"639";"Cm";"B11";0,0532579222521212;"iSI";800
"640";"LAI";"B11";0,00864251674336947;"iSI";800
"641";"Cab";"B12";0,041649974190315;"iSI";800
"642";"Car";"B12";0,041649974190315;"iSI";800
"643";"Cw";"B12";0,151189266190521;"iSI";800
"644";"Cm";"B12";0,151145361126167;"iSI";800
"645";"LAI";"B12";0,0372777399067146;"iSI";800
"646";"Cab";"GSI";0,037599739858322;"iSI";800
"647";"Car";"GSI";0,0200042821203724;"iSI";800
"648";"Cw";"GSI";0,0233564178516031;"iSI";800
"649";"Cm";"GSI";0,0491862290181569;"iSI";800
"650";"LAI";"GSI";0,039755546659499;"iSI";800
"651";"Cab";"B02";0,378236409542835;"iSI";1600
"652";"Car";"B02";0,403521108036928;"iSI";1600
"653";"Cw";"B02";0,00600626212663162;"iSI";1600
"654";"Cm";"B02";0,00893868713828793;"iSI";1600
"655";"LAI";"B02";0,00847872316403212;"iSI";1600
"656";"Cab";"B03";0,0593958768615895;"iSI";1600
"657";"Car";"B03";0,00670787659598465;"iSI";1600
"658";"Cw";"B03";0,00220947133213465;"iSI";1600
"659";"Cm";"B03";0,0127562316467868;"iSI";1600
"660";"LAI";"B03";0,0120147011988264;"iSI";1600
"661";"Cab";"B04";0,184963654543394;"iSI";1600
"662";"Car";"B04";0,0016303756325789;"iSI";1600
"663";"Cw";"B04";0,00163062144152661;"iSI";1600
"664";"Cm";"B04";0,00734849881526276;"iSI";1600
"665";"LAI";"B04";0,0111524284746254;"iSI";1600
"666";"Cab";"B05";0,0468239649510946;"iSI";1600
"667";"Car";"B05";0,00282837181066454;"iSI";1600
"668";"Cw";"B05";0,00283007364337476;"iSI";1600
"669";"Cm";"B05";0,0199106360069708;"iSI";1600
"670";"LAI";"B05";0,0145912446881948;"iSI";1600
"671";"Cab";"B06";0,0509847499177432;"iSI";1600
"672";"Car";"B06";0,0282384346456582;"iSI";1600
"673";"Cw";"B06";0,0282536521362415;"iSI";1600
"674";"Cm";"B06";0,0637551833660666;"iSI";1600
"675";"LAI";"B06";0,0494382361411478;"iSI";1600
"676";"Cab";"B07";0,0259243947289457;"iSI";1600
"677";"Car";"B07";0,02592415964197;"iSI";1600
"678";"Cw";"B07";0,025910069580411;"iSI";1600
"679";"Cm";"B07";0,057121356548502;"iSI";1600
"680";"LAI";"B07";0,0548457958664456;"iSI";1600
"681";"Cab";"B8A";0,0245992871793695;"iSI";1600
"682";"Car";"B8A";0,0245992871793695;"iSI";1600
"683";"Cw";"B8A";0,0246061745682285;"iSI";1600
"684";"Cm";"B8A";0,0554617571364192;"iSI";1600
"685";"LAI";"B8A";0,0536411108502436;"iSI";1600
"686";"Cab";"B11";0,00325718622553606;"iSI";1600
"687";"Car";"B11";0,00325718622553606;"iSI";1600
"688";"Cw";"B11";0,0542914680978412;"iSI";1600
"689";"Cm";"B11";0,0533341474772491;"iSI";1600
"690";"LAI";"B11";0,0126203499272269;"iSI";1600
"691";"Cab";"B12";0,0416883558676568;"iSI";1600
"692";"Car";"B12";0,0416883558676568;"iSI";1600
"693";"Cw";"B12";0,152425588001749;"iSI";1600
"694";"Cm";"B12";0,152403664297658;"iSI";1600
"695";"LAI";"B12";0,0339468159514333;"iSI";1600
"696";"Cab";"GSI";0,0368503616097352;"iSI";1600
"697";"Car";"GSI";0,0199084352261308;"iSI";1600
"698";"Cw";"GSI";0,0232404704189842;"iSI";1600
"699";"Cm";"GSI";0,0489737926220052;"iSI";1600
"700";"LAI";"GSI";0,0412870337162303;"iSI";1600
"701";"Cab";"B02";0,381077145073125;"iSI";3200
"702";"Car";"B02";0,407302704216346;"iSI";3200
"703";"Cw";"B02";0,00610522804875559;"iSI";3200
"704";"Cm";"B02";0,0113206379401275;"iSI";3200
"705";"LAI";"B02";0,0200296898638938;"iSI";3200
"706";"Cab";"B03";0,0622636866426997;"iSI";3200
"707";"Car";"B03";0,00695208318057316;"iSI";3200
"708";"Cw";"B03";0,00256468784744645;"iSI";3200
"709";"Cm";"B03";0,0136152073417529;"iSI";3200
"710";"LAI";"B03";0,0139784870205398;"iSI";3200
"711";"Cab";"B04";0,185436501009294;"iSI";3200
"712";"Car";"B04";0,00187870433643425;"iSI";3200
"713";"Cw";"B04";0,00188033915723083;"iSI";3200
"714";"Cm";"B04";0,00824141532367794;"iSI";3200
"715";"LAI";"B04";0,0115273875609864;"iSI";3200
"716";"Cab";"B05";0,0501302041165526;"iSI";3200
"717";"Car";"B05";0,00292375944857472;"iSI";3200
"718";"Cw";"B05";0,00292416696990129;"iSI";3200
"719";"Cm";"B05";0,0199683965227795;"iSI";3200
"720";"LAI";"B05";0,0152314511415444;"iSI";3200
"721";"Cab";"B06";0,0521245245578814;"iSI";3200
"722";"Car";"B06";0,029730912122029;"iSI";3200
"723";"Cw";"B06";0,0296253532914354;"iSI";3200
"724";"Cm";"B06";0,0633104945787724;"iSI";3200
"725";"LAI";"B06";0,0503204561203073;"iSI";3200
"726";"Cab";"B07";0,0266117316457099;"iSI";3200
"727";"Car";"B07";0,0266149690433407;"iSI";3200
"728";"Cw";"B07";0,026549776170515;"iSI";3200
"729";"Cm";"B07";0,056778756709411;"iSI";3200
"730";"LAI";"B07";0,0551964312637798;"iSI";3200
"731";"Cab";"B8A";0,0252840183453723;"iSI";3200
"732";"Car";"B8A";0,0252840183453723;"iSI";3200
"733";"Cw";"B8A";0,025205563843447;"iSI";3200
"734";"Cm";"B8A";0,0551947885334154;"iSI";3200
"735";"LAI";"B8A";0,0538289519685169;"iSI";3200
"736";"Cab";"B11";0,00365977610447776;"iSI";3200
"737";"Car";"B11";0,00365977610447776;"iSI";3200
"738";"Cw";"B11";0,0551065753769134;"iSI";3200
"739";"Cm";"B11";0,0537089976035702;"iSI";3200
"740";"LAI";"B11";0,0121545976794276;"iSI";3200
"741";"Cab";"B12";0,0348237141430863;"iSI";3200
"742";"Car";"B12";0,0348237141430863;"iSI";3200
"743";"Cw";"B12";0,151472081953902;"iSI";3200
"744";"Cm";"B12";0,151576236112079;"iSI";3200
"745";"LAI";"B12";0,0355154200465893;"iSI";3200
"746";"Cab";"GSI";0,0381387415845513;"iSI";3200
"747";"Car";"GSI";0,0204840362261955;"iSI";3200
"748";"Cw";"GSI";0,0238749548504006;"iSI";3200
"749";"Cm";"GSI";0,048762908249357;"iSI";3200
"750";"LAI";"GSI";0,0417064469844277;"iSI";3200
"751";"Cab";"B02";0,37932854897095;"iSI";6400
"752";"Car";"B02";0,405226575357467;"iSI";6400
"753";"Cw";"B02";0,00619106126271897;"iSI";6400
"754";"Cm";"B02";0,00837764635832363;"iSI";6400
"755";"LAI";"B02";0,0117828525246534;"iSI";6400
"756";"Cab";"B03";0,0641582915598762;"iSI";6400
"757";"Car";"B03";0,00646952982049998;"iSI";6400
"758";"Cw";"B03";0,00197271589035884;"iSI";6400
"759";"Cm";"B03";0,0131042009510458;"iSI";6400
"760";"LAI";"B03";0,0123673580714627;"iSI";6400
"761";"Cab";"B04";0,188022271699774;"iSI";6400
"762";"Car";"B04";0,0014847262263465;"iSI";6400
"763";"Cw";"B04";0,00148574988902942;"iSI";6400
"764";"Cm";"B04";0,00783589727470693;"iSI";6400
"765";"LAI";"B04";0,0108431679116822;"iSI";6400
"766";"Cab";"B05";0,0529181414737223;"iSI";6400
"767";"Car";"B05";0,00256292183516575;"iSI";6400
"768";"Cw";"B05";0,00256414853439091;"iSI";6400
"769";"Cm";"B05";0,019992596830815;"iSI";6400
"770";"LAI";"B05";0,0146032554775308;"iSI";6400
"771";"Cab";"B06";0,0517271985119869;"iSI";6400
"772";"Car";"B06";0,0277947365979761;"iSI";6400
"773";"Cw";"B06";0,0277884294424448;"iSI";6400
"774";"Cm";"B06";0,0633870711582978;"iSI";6400
"775";"LAI";"B06";0,0496718137817046;"iSI";6400
"776";"Cab";"B07";0,0256288668696546;"iSI";6400
"777";"Car";"B07";0,0256286201251336;"iSI";6400
"778";"Cw";"B07";0,0256070404259039;"iSI";6400
"779";"Cm";"B07";0,0568229761726227;"iSI";6400
"780";"LAI";"B07";0,0550625090965611;"iSI";6400
"781";"Cab";"B8A";0,0243268927056821;"iSI";6400
"782";"Car";"B8A";0,0243268927056821;"iSI";6400
"783";"Cw";"B8A";0,0243221521082036;"iSI";6400
"784";"Cm";"B8A";0,0552650488014732;"iSI";6400
"785";"LAI";"B8A";0,0536186245511616;"iSI";6400
"786";"Cab";"B11";0,00300606884256518;"iSI";6400
"787";"Car";"B11";0,00300606884256518;"iSI";6400
"788";"Cw";"B11";0,0560402032128373;"iSI";6400
"789";"Cm";"B11";0,0546167597494175;"iSI";6400
"790";"LAI";"B11";0,0096437123498202;"iSI";6400
"791";"Cab";"B12";0,0399244030191515;"iSI";6400
"792";"Car";"B12";0,0399244030191515;"iSI";6400
"793";"Cw";"B12";0,15392457131215;"iSI";6400
"794";"Cm";"B12";0,153991197554998;"iSI";6400
"795";"LAI";"B12";0,0353912290250513;"iSI";6400
"796";"Cab";"GSI";0,0381407036528978;"iSI";6400
"797";"Car";"GSI";0,0195683738876855;"iSI";6400
"798";"Cw";"GSI";0,0230251417815914;"iSI";6400
"799";"Cm";"GSI";0,0488460355697598;"iSI";6400
"800";"LAI";"GSI";0,0411763616502974;"iSI";6400
"801";"Cab";"B02";0,520268919146256;"tSI";100
"802";"Car";"B02";0,867724519117137;"tSI";100
"803";"Cw";"B02";0,0425023015143259;"tSI";100
"804";"Cm";"B02";0,0429882688439444;"tSI";100
"805";"LAI";"B02";0,123889712250715;"tSI";100
"806";"Cab";"B03";0,99243372522486;"tSI";100
"807";"Car";"B03";0,00936136070850202;"tSI";100
"808";"Cw";"B03";0,00111664388675303;"tSI";100
"809";"Cm";"B03";0,0145961874324594;"tSI";100
"810";"LAI";"B03";0,0599837234647533;"tSI";100
"811";"Cab";"B04";0,979156988276886;"tSI";100
"812";"Car";"B04";0,0541340071019718;"tSI";100
"813";"Cw";"B04";0,0541228638947465;"tSI";100
"814";"Cm";"B04";0,0523114249375947;"tSI";100
"815";"LAI";"B04";0,15048553706872;"tSI";100
"816";"Cab";"B05";0,994898645490429;"tSI";100
"817";"Car";"B05";0,00255822634694769;"tSI";100
"818";"Cw";"B05";0,00256017600541791;"tSI";100
"819";"Cm";"B05";0,0311903195095351;"tSI";100
"820";"LAI";"B05";0,0503086478474324;"tSI";100
"821";"Cab";"B06";0,440478697048409;"tSI";100
"822";"Car";"B06";0,0457617715434697;"tSI";100
"823";"Cw";"B06";0,0462994939302629;"tSI";100
"824";"Cm";"B06";0,792547388833364;"tSI";100
"825";"LAI";"B06";0,183468774512588;"tSI";100
"826";"Cab";"B07";0,0656525366416962;"tSI";100
"827";"Car";"B07";0,0655638994696367;"tSI";100
"828";"Cw";"B07";0,0666331353176326;"tSI";100
"829";"Cm";"B07";0,738542690089466;"tSI";100
"830";"LAI";"B07";0,299530948497776;"tSI";100
"831";"Cab";"B8A";0,0621261131042838;"tSI";100
"832";"Car";"B8A";0,0621261131042838;"tSI";100
"833";"Cw";"B8A";0,0643845372941231;"tSI";100
"834";"Cm";"B8A";0,750898855173261;"tSI";100
"835";"LAI";"B8A";0,286733355145832;"tSI";100
"836";"Cab";"B11";0,000961654506823062;"tSI";100
"837";"Car";"B11";0,000961654506823062;"tSI";100
"838";"Cw";"B11";0,659316405321706;"tSI";100
"839";"Cm";"B11";0,460074765758743;"tSI";100
"840";"LAI";"B11";0,0162487979136564;"tSI";100
"841";"Cab";"B12";0,0072653934221667;"tSI";100
"842";"Car";"B12";0,0072653934221667;"tSI";100
"843";"Cw";"B12";0,420467456685995;"tSI";100
"844";"Cm";"B12";0,433545212992455;"tSI";100
"845";"LAI";"B12";0,0396567714910047;"tSI";100
"846";"Cab";"GSI";0,3930254948234;"tSI";100
"847";"Car";"GSI";0,0381751871219326;"tSI";100
"848";"Cw";"GSI";0,118402218783548;"tSI";100
"849";"Cm";"GSI";0,505415171916507;"tSI";100
"850";"LAI";"GSI";0,168965633335667;"tSI";100
"851";"Cab";"B02";0,520268919146256;"tSI";100
"852";"Car";"B02";0,867724519117137;"tSI";100
"853";"Cw";"B02";0,0425023015143259;"tSI";100
"854";"Cm";"B02";0,0429882688439444;"tSI";100
"855";"LAI";"B02";0,123889712250715;"tSI";100
"856";"Cab";"B03";0,99243372522486;"tSI";100
"857";"Car";"B03";0,00936136070850202;"tSI";100
"858";"Cw";"B03";0,00111664388675303;"tSI";100
"859";"Cm";"B03";0,0145961874324594;"tSI";100
"860";"LAI";"B03";0,0599837234647533;"tSI";100
"861";"Cab";"B04";0,979156988276886;"tSI";100
"862";"Car";"B04";0,0541340071019718;"tSI";100
"863";"Cw";"B04";0,0541228638947465;"tSI";100
"864";"Cm";"B04";0,0523114249375947;"tSI";100
"865";"LAI";"B04";0,15048553706872;"tSI";100
"866";"Cab";"B05";0,994898645490429;"tSI";100
"867";"Car";"B05";0,00255822634694769;"tSI";100
"868";"Cw";"B05";0,00256017600541791;"tSI";100
"869";"Cm";"B05";0,0311903195095351;"tSI";100
"870";"LAI";"B05";0,0503086478474324;"tSI";100
"871";"Cab";"B06";0,440478697048409;"tSI";100
"872";"Car";"B06";0,0457617715434697;"tSI";100
"873";"Cw";"B06";0,0462994939302629;"tSI";100
"874";"Cm";"B06";0,792547388833364;"tSI";100
"875";"LAI";"B06";0,183468774512588;"tSI";100
"876";"Cab";"B07";0,0656525366416962;"tSI";100
"877";"Car";"B07";0,0655638994696367;"tSI";100
"878";"Cw";"B07";0,0666331353176326;"tSI";100
"879";"Cm";"B07";0,738542690089466;"tSI";100
"880";"LAI";"B07";0,299530948497776;"tSI";100
"881";"Cab";"B8A";0,0621261131042838;"tSI";100
"882";"Car";"B8A";0,0621261131042838;"tSI";100
"883";"Cw";"B8A";0,0643845372941231;"tSI";100
"884";"Cm";"B8A";0,750898855173261;"tSI";100
"885";"LAI";"B8A";0,286733355145832;"tSI";100
"886";"Cab";"B11";0,000961654506823062;"tSI";100
"887";"Car";"B11";0,000961654506823062;"tSI";100
"888";"Cw";"B11";0,659316405321706;"tSI";100
"889";"Cm";"B11";0,460074765758743;"tSI";100
"890";"LAI";"B11";0,0162487979136564;"tSI";100
"891";"Cab";"B12";0,0072653934221667;"tSI";100
"892";"Car";"B12";0,0072653934221667;"tSI";100
"893";"Cw";"B12";0,420467456685995;"tSI";100
"894";"Cm";"B12";0,433545212992455;"tSI";100
"895";"LAI";"B12";0,0396567714910047;"tSI";100
"896";"Cab";"GSI";0,3930254948234;"tSI";100
"897";"Car";"GSI";0,0381751871219326;"tSI";100
"898";"Cw";"GSI";0,118402218783548;"tSI";100
"899";"Cm";"GSI";0,505415171916507;"tSI";100
"900";"LAI";"GSI";0,168965633335667;"tSI";100
"901";"Cab";"B02";0,506266489901117;"tSI";200
"902";"Car";"B02";0,888551391531251;"tSI";200
"903";"Cw";"B02";0,0236417439542495;"tSI";200
"904";"Cm";"B02";0,0285039668775077;"tSI";200
"905";"LAI";"B02";0,036852940790266;"tSI";200
"906";"Cab";"B03";0,988393067812613;"tSI";200
"907";"Car";"B03";0,00912947227255023;"tSI";200
"908";"Cw";"B03";0,000802512597710137;"tSI";200
"909";"Cm";"B03";0,0135416542947027;"tSI";200
"910";"LAI";"B03";0,0226838402871365;"tSI";200
"911";"Cab";"B04";0,979671623176927;"tSI";200
"912";"Car";"B04";0,00415246651528778;"tSI";200
"913";"Cw";"B04";0,004152479063114;"tSI";200
"914";"Cm";"B04";0,0105189855273058;"tSI";200
"915";"LAI";"B04";0,0459185491569185;"tSI";200
"916";"Cab";"B05";0,973226340227744;"tSI";200
"917";"Car";"B05";0,00133295924735055;"tSI";200
"918";"Cw";"B05";0,00133318837734442;"tSI";200
"919";"Cm";"B05";0,0283952432797743;"tSI";200
"920";"LAI";"B05";0,0271457541637591;"tSI";200
"921";"Cab";"B06";0,190043520371567;"tSI";200
"922";"Car";"B06";0,00492091513430071;"tSI";200
"923";"Cw";"B06";0,00500521253893127;"tSI";200
"924";"Cm";"B06";0,772948077602599;"tSI";200
"925";"LAI";"B06";0,178042190351787;"tSI";200
"926";"Cab";"B07";0,0049590533732573;"tSI";200
"927";"Car";"B07";0,00495666383575022;"tSI";200
"928";"Cw";"B07";0,00506484812697061;"tSI";200
"929";"Cm";"B07";0,726632709065804;"tSI";200
"930";"LAI";"B07";0,299027371366901;"tSI";200
"931";"Cab";"B8A";0,0048393393303201;"tSI";200
"932";"Car";"B8A";0,0048393393303201;"tSI";200
"933";"Cw";"B8A";0,00518146190892699;"tSI";200
"934";"Cm";"B8A";0,735760219468691;"tSI";200
"935";"LAI";"B8A";0,28972152062601;"tSI";200
"936";"Cab";"B11";0,00209752023365051;"tSI";200
"937";"Car";"B11";0,00209752023365051;"tSI";200
"938";"Cw";"B11";0,635565456410663;"tSI";200
"939";"Cm";"B11";0,444722933670183;"tSI";200
"940";"LAI";"B11";0,0130644558032234;"tSI";200
"941";"Cab";"B12";0,00941991557793453;"tSI";200
"942";"Car";"B12";0,00941991557793453;"tSI";200
"943";"Cw";"B12";0,578302794742779;"tSI";200
"944";"Cm";"B12";0,592672707080116;"tSI";200
"945";"LAI";"B12";0,130093196113331;"tSI";200
"946";"Cab";"GSI";0,222518975165038;"tSI";200
"947";"Car";"GSI";0,00495022816381725;"tSI";200
"948";"Cw";"GSI";0,04412654090081;"tSI";200
"949";"Cm";"GSI";0,587190932760308;"tSI";200
"950";"LAI";"GSI";0,205756285868163;"tSI";200
"951";"Cab";"B02";0,52736430863761;"tSI";400
"952";"Car";"B02";0,849097490869305;"tSI";400
"953";"Cw";"B02";0,00552902491687735;"tSI";400
"954";"Cm";"B02";0,0119039919569823;"tSI";400
"955";"LAI";"B02";0,0206516648944571;"tSI";400
"956";"Cab";"B03";0,985167275466194;"tSI";400
"957";"Car";"B03";0,0100164932272564;"tSI";400
"958";"Cw";"B03";0,00190693755779625;"tSI";400
"959";"Cm";"B03";0,019440499465857;"tSI";400
"960";"LAI";"B03";0,0159344716883775;"tSI";400
"961";"Cab";"B04";0,977293431628338;"tSI";400
"962";"Car";"B04";0,00553658076160013;"tSI";400
"963";"Cw";"B04";0,00554795372856998;"tSI";400
"964";"Cm";"B04";0,0197481030479359;"tSI";400
"965";"LAI";"B04";0,0113454959206979;"tSI";400
"966";"Cab";"B05";0,979567303039109;"tSI";400
"967";"Car";"B05";0,00207512393140163;"tSI";400
"968";"Cw";"B05";0,00207719362455272;"tSI";400
"969";"Cm";"B05";0,0340650358391191;"tSI";400
"970";"LAI";"B05";0,0219008988003261;"tSI";400
"971";"Cab";"B06";0,229478866598217;"tSI";400
"972";"Car";"B06";0,0270228774654786;"tSI";400
"973";"Cw";"B06";0,0270870730083825;"tSI";400
"974";"Cm";"B06";0,595352175573288;"tSI";400
"975";"LAI";"B06";0,267648444693307;"tSI";400
"976";"Cab";"B07";0,0259254759103221;"tSI";400
"977";"Car";"B07";0,0259241213512312;"tSI";400
"978";"Cw";"B07";0,0260056442707708;"tSI";400
"979";"Cm";"B07";0,749464585607573;"tSI";400
"980";"LAI";"B07";0,305525754201124;"tSI";400
"981";"Cab";"B8A";0,0245992871793695;"tSI";400
"982";"Car";"B8A";0,0245992871793695;"tSI";400
"983";"Cw";"B8A";0,0249088337454902;"tSI";400
"984";"Cm";"B8A";0,75836612990763;"tSI";400
"985";"LAI";"B8A";0,294946561354836;"tSI";400
"986";"Cab";"B11";0,00325718622553606;"tSI";400
"987";"Car";"B11";0,00325718622553606;"tSI";400
"988";"Cw";"B11";0,61761683962299;"tSI";400
"989";"Cm";"B11";0,426116698053717;"tSI";400
"990";"LAI";"B11";0,010361420653189;"tSI";400
"991";"Cab";"B12";0,0416883558676572;"tSI";400
"992";"Car";"B12";0,0416883558676572;"tSI";400
"993";"Cw";"B12";0,533326211107574;"tSI";400
"994";"Cm";"B12";0,547081375645404;"tSI";400
"995";"LAI";"B12";0,102455801222198;"tSI";400
"996";"Cab";"GSI";0,284449494221581;"tSI";400
"997";"Car";"GSI";0,0200722958038976;"tSI";400
"998";"Cw";"GSI";0,0586884983601638;"tSI";400
"999";"Cm";"GSI";0,53493983260269;"tSI";400
"1000";"LAI";"GSI";0,210041970542384;"tSI";400
"1001";"Cab";"B02";0,508912426816717;"tSI";800
"1002";"Car";"B02";0,847769841745999;"tSI";800
"1003";"Cw";"B02";0,00566053773558128;"tSI";800
"1004";"Cm";"B02";0,00823522020644873;"tSI";800
"1005";"LAI";"B02";0,0157636272838919;"tSI";800
"1006";"Cab";"B03";0,984014424572938;"tSI";800
"1007";"Car";"B03";0,0103526618918486;"tSI";800
"1008";"Cw";"B03";0,00240492530804315;"tSI";800
"1009";"Cm";"B03";0,0177481741989851;"tSI";800
"1010";"LAI";"B03";0,0156818316960121;"tSI";800
"1011";"Cab";"B04";0,977273541606853;"tSI";800
"1012";"Car";"B04";0,00192388677094657;"tSI";800
"1013";"Cw";"B04";0,00192170626299815;"tSI";800
"1014";"Cm";"B04";0,00719145926571618;"tSI";800
"1015";"LAI";"B04";0,0127513215790249;"tSI";800
"1016";"Cab";"B05";0,977813639669199;"tSI";800
"1017";"Car";"B05";0,00311665591234245;"tSI";800
"1018";"Cw";"B05";0,0031197397084276;"tSI";800
"1019";"Cm";"B05";0,0332805542756954;"tSI";800
"1020";"LAI";"B05";0,0216403650301091;"tSI";800
"1021";"Cab";"B06";0,230501082396317;"tSI";800
"1022";"Car";"B06";0,0285840193091267;"tSI";800
"1023";"Cw";"B06";0,0286775223275513;"tSI";800
"1024";"Cm";"B06";0,59787290199251;"tSI";800
"1025";"LAI";"B06";0,264120648588288;"tSI";800
"1026";"Cab";"B07";0,0259254801680632;"tSI";800
"1027";"Car";"B07";0,0259241682323667;"tSI";800
"1028";"Cw";"B07";0,0260064803162892;"tSI";800
"1029";"Cm";"B07";0,749482353602067;"tSI";800
"1030";"LAI";"B07";0,302173592266581;"tSI";800
"1031";"Cab";"B8A";0,0245992871793694;"tSI";800
"1032";"Car";"B8A";0,0245992871793694;"tSI";800
"1033";"Cw";"B8A";0,0249120147611905;"tSI";800
"1034";"Cm";"B8A";0,758376657095628;"tSI";800
"1035";"LAI";"B8A";0,29165151553821;"tSI";800
"1036";"Cab";"B11";0,00325718622553628;"tSI";800
"1037";"Car";"B11";0,00325718622553628;"tSI";800
"1038";"Cw";"B11";0,617948518942108;"tSI";800
"1039";"Cm";"B11";0,427657059315702;"tSI";800
"1040";"LAI";"B11";0,0118561087774591;"tSI";800
"1041";"Cab";"B12";0,0416883558676565;"tSI";800
"1042";"Car";"B12";0,0416883558676565;"tSI";800
"1043";"Cw";"B12";0,537382408939831;"tSI";800
"1044";"Cm";"B12";0,550983539163107;"tSI";800
"1045";"LAI";"B12";0,101825345772093;"tSI";800
"1046";"Cab";"GSI";0,282623814656659;"tSI";800
"1047";"Car";"GSI";0,0205443197917554;"tSI";800
"1048";"Cw";"GSI";0,0594684645177641;"tSI";800
"1049";"Cm";"GSI";0,536125147607277;"tSI";800
"1050";"LAI";"GSI";0,208012857171063;"tSI";800
"1051";"Cab";"B02";0,50994965842307;"tSI";1600
"1052";"Car";"B02";0,847742186270721;"tSI";1600
"1053";"Cw";"B02";0,00601693101822021;"tSI";1600
"1054";"Cm";"B02";0,00961563595092163;"tSI";1600
"1055";"LAI";"B02";0,0160216019153936;"tSI";1600
"1056";"Cab";"B03";0,98481707931503;"tSI";1600
"1057";"Car";"B03";0,0100210211089661;"tSI";1600
"1058";"Cw";"B03";0,00221023253743224;"tSI";1600
"1059";"Cm";"B03";0,0176271595534299;"tSI";1600
"1060";"LAI";"B03";0,0158089514176412;"tSI";1600
"1061";"Cab";"B04";0,977599179259725;"tSI";1600
"1062";"Car";"B04";0,00163141249899901;"tSI";1600
"1063";"Cw";"B04";0,00163174235180596;"tSI";1600
"1064";"Cm";"B04";0,00823143099835522;"tSI";1600
"1065";"LAI";"B04";0,0117557155834105;"tSI";1600
"1066";"Cab";"B05";0,978853895079831;"tSI";1600
"1067";"Car";"B05";0,00282908312686003;"tSI";1600
"1068";"Cw";"B05";0,00283141026947387;"tSI";1600
"1069";"Cm";"B05";0,0328846400345085;"tSI";1600
"1070";"LAI";"B05";0,0217867791632453;"tSI";1600
"1071";"Cab";"B06";0,229816386910108;"tSI";1600
"1072";"Car";"B06";0,0282388033869363;"tSI";1600
"1073";"Cw";"B06";0,0283288000193421;"tSI";1600
"1074";"Cm";"B06";0,597667360647622;"tSI";1600
"1075";"LAI";"B06";0,265787803493154;"tSI";1600
"1076";"Cab";"B07";0,0259254722041511;"tSI";1600
"1077";"Car";"B07";0,0259241596479174;"tSI";1600
"1078";"Cw";"B07";0,0260056715405509;"tSI";1600
"1079";"Cm";"B07";0,749402125395144;"tSI";1600
"1080";"LAI";"B07";0,304450698469471;"tSI";1600
"1081";"Cab";"B8A";0,0245992871793695;"tSI";1600
"1082";"Car";"B8A";0,0245992871793695;"tSI";1600
"1083";"Cw";"B8A";0,0249094755706024;"tSI";1600
"1084";"Cm";"B8A";0,7583102200279;"tSI";1600
"1085";"LAI";"B8A";0,294193365998445;"tSI";1600
"1086";"Cab";"B11";0,00325718622553606;"tSI";1600
"1087";"Car";"B11";0,00325718622553606;"tSI";1600
"1088";"Cw";"B11";0,617725739721233;"tSI";1600
"1089";"Cm";"B11";0,427507743386221;"tSI";1600
"1090";"LAI";"B11";0,015605027496951;"tSI";1600
"1091";"Cab";"B12";0,0416883558676568;"tSI";1600
"1092";"Car";"B12";0,0416883558676568;"tSI";1600
"1093";"Cw";"B12";0,537292605413128;"tSI";1600
"1094";"Cm";"B12";0,550832546731935;"tSI";1600
"1095";"LAI";"B12";0,0945136824664597;"tSI";1600
"1096";"Cab";"GSI";0,283179138295037;"tSI";1600
"1097";"Car";"GSI";0,0204469732174356;"tSI";1600
"1098";"Cw";"GSI";0,0592238136814971;"tSI";1600
"1099";"Cm";"GSI";0,535693458680511;"tSI";1600
"1100";"LAI";"GSI";0,209658678361895;"tSI";1600
"1101";"Cab";"B02";0,511609369068422;"tSI";3200
"1102";"Car";"B02";0,847571550537748;"tSI";3200
"1103";"Cw";"B02";0,00610704431595777;"tSI";3200
"1104";"Cm";"B02";0,0121163119238065;"tSI";3200
"1105";"LAI";"B02";0,0257688540533539;"tSI";3200
"1106";"Cab";"B03";0,984060279344358;"tSI";3200
"1107";"Car";"B03";0,0102368914788352;"tSI";3200
"1108";"Cw";"B03";0,00256582690413676;"tSI";3200
"1109";"Cm";"B03";0,0184861259484345;"tSI";3200
"1110";"LAI";"B03";0,0177749049307021;"tSI";3200
"1111";"Cab";"B04";0,977147834051581;"tSI";3200
"1112";"Car";"B04";0,00188135745718021;"tSI";3200
"1113";"Cw";"B04";0,00188314045100446;"tSI";3200
"1114";"Cm";"B04";0,00916701972177303;"tSI";3200
"1115";"LAI";"B04";0,0121113362532931;"tSI";3200
"1116";"Cab";"B05";0,977814313946977;"tSI";3200
"1117";"Car";"B05";0,00292434190576185;"tSI";3200
"1118";"Cw";"B05";0,00292526929277936;"tSI";3200
"1119";"Cm";"B05";0,0329808364363972;"tSI";3200
"1120";"LAI";"B05";0,0224285036123899;"tSI";3200
"1121";"Cab";"B06";0,231930738211763;"tSI";3200
"1122";"Car";"B06";0,0297309578990732;"tSI";3200
"1123";"Cw";"B06";0,0296927654939828;"tSI";3200
"1124";"Cm";"B06";0,597960802018642;"tSI";3200
"1125";"LAI";"B06";0,266617012182381;"tSI";3200
"1126";"Cab";"B07";0,0266129272200282;"tSI";3200
"1127";"Car";"B07";0,02661497865232;"tSI";3200
"1128";"Cw";"B07";0,0266469653433654;"tSI";3200
"1129";"Cm";"B07";0,749714048834703;"tSI";3200
"1130";"LAI";"B07";0,304825817310538;"tSI";3200
"1131";"Cab";"B8A";0,0252840282508849;"tSI";3200
"1132";"Car";"B8A";0,0252840282508849;"tSI";3200
"1133";"Cw";"B8A";0,0255127489145593;"tSI";3200
"1134";"Cm";"B8A";0,758608981484937;"tSI";3200
"1135";"LAI";"B8A";0,294354339363756;"tSI";3200
"1136";"Cab";"B11";0,00365984325653457;"tSI";3200
"1137";"Car";"B11";0,00365984325653457;"tSI";3200
"1138";"Cw";"B11";0,618599487227868;"tSI";3200
"1139";"Cm";"B11";0,428625709518014;"tSI";3200
"1140";"LAI";"B11";0,0151657540264353;"tSI";3200
"1141";"Cab";"B12";0,0348238010342726;"tSI";3200
"1142";"Car";"B12";0,0348238010342726;"tSI";3200
"1143";"Cw";"B12";0,535999093544086;"tSI";3200
"1144";"Cm";"B12";0,549621202725958;"tSI";3200
"1145";"LAI";"B12";0,0967955806256942;"tSI";3200
"1146";"Cab";"GSI";0,285709955000852;"tSI";3200
"1147";"Car";"GSI";0,0210414476044697;"tSI";3200
"1148";"Cw";"GSI";0,0601311010382747;"tSI";3200
"1149";"Cm";"GSI";0,534305564587835;"tSI";3200
"1150";"LAI";"GSI";0,209394104724252;"tSI";3200
"1151";"Cab";"B02";0,510409514506557;"tSI";6400
"1152";"Car";"B02";0,847383986177787;"tSI";6400
"1153";"Cw";"B02";0,00619132705381642;"tSI";6400
"1154";"Cm";"B02";0,00901228484189398;"tSI";6400
"1155";"LAI";"B02";0,0190059670303965;"tSI";6400
"1156";"Cab";"B03";0,983600613823927;"tSI";6400
"1157";"Car";"B03";0,00973713350009398;"tSI";6400
"1158";"Cw";"B03";0,00197310358200098;"tSI";6400
"1159";"Cm";"B03";0,0179683069083915;"tSI";6400
"1160";"LAI";"B03";0,0161708555812222;"tSI";6400
"1161";"Cab";"B04";0,976782852522409;"tSI";6400
"1162";"Car";"B04";0,00148614545611681;"tSI";6400
"1163";"Cw";"B04";0,00148728380592933;"tSI";6400
"1164";"Cm";"B04";0,00874657513212374;"tSI";6400
"1165";"LAI";"B04";0,0114284970392462;"tSI";6400
"1166";"Cab";"B05";0,977081762596688;"tSI";6400
"1167";"Car";"B05";0,00256314182258677;"tSI";6400
"1168";"Cw";"B05";0,00256477976836822;"tSI";6400
"1169";"Cm";"B05";0,0329924745056722;"tSI";6400
"1170";"LAI";"B05";0,0218002781284923;"tSI";6400
"1171";"Cab";"B06";0,230878587671074;"tSI";6400
"1172";"Car";"B06";0,0277947394876605;"tSI";6400
"1173";"Cw";"B06";0,0278545257701174;"tSI";6400
"1174";"Cm";"B06";0,597794347131842;"tSI";6400
"1175";"LAI";"B06";0,266089486599395;"tSI";6400
"1176";"Cab";"B07";0,0256299457761479;"tSI";6400
"1177";"Car";"B07";0,0256286201655471;"tSI";6400
"1178";"Cw";"B07";0,0257031066526465;"tSI";6400
"1179";"Cm";"B07";0,749668766894231;"tSI";6400
"1180";"LAI";"B07";0,304723893872491;"tSI";6400
"1181";"Cab";"B8A";0,0243268927461681;"tSI";6400
"1182";"Car";"B8A";0,0243268927461681;"tSI";6400
"1183";"Cw";"B8A";0,0246270926444854;"tSI";6400
"1184";"Cm";"B8A";0,758560960140389;"tSI";6400
"1185";"LAI";"B8A";0,294165145584276;"tSI";6400
"1186";"Cab";"B11";0,00300606889615629;"tSI";6400
"1187";"Car";"B11";0,00300606889615629;"tSI";6400
"1188";"Cw";"B11";0,618220994724178;"tSI";6400
"1189";"Cm";"B11";0,428464998782535;"tSI";6400
"1190";"LAI";"B11";0,0126816348789328;"tSI";6400
"1191";"Cab";"B12";0,0399244031369042;"tSI";6400
"1192";"Car";"B12";0,0399244031369042;"tSI";6400
"1193";"Cw";"B12";0,538598050521039;"tSI";6400
"1194";"Cm";"B12";0,552156025964064;"tSI";6400
"1195";"LAI";"B12";0,0991779057548234;"tSI";6400
"1196";"Cab";"GSI";0,284329386199147;"tSI";6400
"1197";"Car";"GSI";0,0201145627757092;"tSI";6400
"1198";"Cw";"GSI";0,0589718808084837;"tSI";6400
"1199";"Cm";"GSI";0,534782955298586;"tSI";6400
"1200";"LAI";"GSI";0,209203284764449;"tSI";6400
