;Model;NoiseLevel;NoiseType;OutOfBag;KFold_tr_samples;KFold_vl_samples;Variable;Fold_nr;ExplVar;Max_err;Mean_abs_Err;Mean_sqr_err;Median_abs_err;r2;MAPE;ModelName
0;RFR;0,5;Combined;200;1620;180;cab;1;0,026932712763729327;74,05982556011611;27,6845700523947;1094,1146755479429;25,78418131189228;0,016896992039845182;70,1335621953515;Not stored
1;GPR;0,5;Combined;200;1620;180;cab;1;0,017911291199177226;78,60239280892111;27,81825334522244;1101,7580692053718;25,284250658952313;0,010029116611815825;71,60486682138627;Not stored
2;ANN;0,5;Combined;200;1620;180;cab;1;-0,04466722718921212;86,88955489101826;27,972730317740044;1163,7471090357785;25,95429086646061;-0,0456703570172301;67,12176153272908;Not stored
3;MTN;0,5;Combined;200;1620;180;cab;1;0,05737508867356722;84,92628167239957;27,187524606098062;1049,364641779532;23,466111190651862;0,057106573162601704;68,0520865969604;Not stored
4;RFR;0,5;Inverted;200;1620;180;cab;1;-0,0682908827476203;67,6820703527844;29,608762391814608;1204,9637679141358;27,088721175762398;-0,08270506848482628;80,7413327177218;Not stored
5;GPR;0,5;Inverted;200;1620;180;cab;1;-0,06002564292464685;70,80348417245105;28,911954901227798;1192,2204509831972;27,59885343689929;-0,07125472101560759;77,62120339092932;Not stored
6;ANN;0,5;Inverted;200;1620;180;cab;1;-0,08550054421833075;74,76690474453389;29,74312401335614;1279,8903804744423;28,29420916479788;-0,15002943569287264;83,7374851850447;Not stored
7;MTN;0,5;Inverted;200;1620;180;cab;1;-0,038069707293293176;72,11807337176447;28,57895000226741;1165,8807338722193;28,29297536624646;-0,047587498831924036;77,73787129853515;Not stored
8;RFR;0,5;Combined;200;1620;180;cw;1;-0,010853198694962263;0,004524975891854229;0,0019522672596672922;4,9514691809527295e-06;0,0018901581213931992;-0,01208300358760872;42,0896506549665;Not stored
9;GPR;0,5;Combined;200;1620;180;cw;1;-0,06099058207761221;0,005318800056672421;0,0019892790977803776;5,196444654706278e-06;0,0019692381571037665;-0,06215612415464067;42,5239405750459;Not stored
10;ANN;0,5;Combined;200;1620;180;cw;1;-0,10182329352459818;0,005454313316470612;0,0019951127874718653;5,453516238379468e-06;0,001837122372224967;-0,11470169619249826;43,74286517550301;Not stored
11;MTN;0,5;Combined;200;1620;180;cw;1;-0,08078391323563516;0,00565543149513625;0,0019738729444427634;5,288791027506283e-06;0,001825499002373086;-0,08103177316673182;42,10406381304038;Not stored
12;RFR;0,5;Inverted;200;1620;180;cw;1;0,01854140392760084;0,004129018720566629;0,0019199293052760327;4,810530324776296e-06;0,0017923716951023221;0,01672497555320085;41,56183383715843;Not stored
13;GPR;0,5;Inverted;200;1620;180;cw;1;-0,02929418588159116;0,004748249483840793;0,0019234619098971882;5,055266555431894e-06;0,0018818486900276268;-0,03329924359400738;42,043720098835294;Not stored
14;ANN;0,5;Inverted;200;1620;180;cw;1;-0,012048558854779845;0,0055318295850808885;0,001900242471435471;4,95377173854168e-06;0,001805871609669526;-0,012553647615753283;40,09286967824768;Not stored
15;MTN;0,5;Inverted;200;1620;180;cw;1;-0,011076386869286914;0,005102503605650783;0,0019241661039043148;5,026572066632075e-06;0,0017675860080666643;-0,027434074419038668;43,20458800738032;Not stored
16;RFR;0,5;Combined;200;1620;180;cm;1;0,006363864936288377;0,00496038078034554;0,0018939530548278188;5,0089279208628946e-06;0,0018931861619340346;0,006340060688263094;40,92203185081893;Not stored
17;GPR;0,5;Combined;200;1620;180;cm;1;0,021660688857796262;0,0047017124863487835;0,001863355010041329;4,934974409131072e-06;0,001799928641515518;0,02101079325625599;39,702199613001966;Not stored
18;ANN;0,5;Combined;200;1620;180;cm;1;-0,01455685410751828;0,005282531094219762;0,0018889156249403017;5,135550743510585e-06;0,0019012312113408304;-0,018779092203421666;41,67866729756069;Not stored
19;MTN;0,5;Combined;200;1620;180;cm;1;-0,06866887157013135;0,006852365629502949;0,0019335175395621875;5,394345500664191e-06;0,0018239523139001318;-0,07011821840972354;40,54313011330055;Not stored
20;RFR;0,5;Inverted;200;1620;180;cm;1;-0,021098482237150273;0,004306974088693445;0,0019392349389749403;5,147302559381459e-06;0,001984252223428684;-0,021110391201839773;41,47508117558375;Not stored
21;GPR;0,5;Inverted;200;1620;180;cm;1;-0,10643793295182946;0,004647034135584283;0,0020308216974641606;5,579795439548741e-06;0,0021859424273578485;-0,10690736329836525;43,24829514362627;Not stored
22;ANN;0,5;Inverted;200;1620;180;cm;1;-0,09980281201791619;0,004878403526726194;0,001986588178691673;5,615443975099796e-06;0,0018341788363100636;-0,11397924020133954;40,50325634140434;Not stored
23;MTN;0,5;Inverted;200;1620;180;cm;1;-0,2261787420572552;0,0059901118753431515;0,0020812253468792904;6,204044721059418e-06;0,0019085069094828238;-0,23074454222795038;43,32573065445539;Not stored
24;RFR;0,5;Combined;200;1620;180;lai;1;0,00033982624370487713;6,008494899200737;2,4258121074082344;8,157864431334684;2,5291689305553913;-0,0029964586858286513;87,8178948961753;Not stored
25;GPR;0,5;Combined;200;1620;180;lai;1;-0,030766104779526904;6,638870601033645;2,4436699071495678;8,397038618239812;2,309023314475344;-0,03240254461604786;84,81978129761387;Not stored
26;ANN;0,5;Combined;200;1620;180;lai;1;-0,13821836678662325;7,778258066943744;2,554861093733974;9,269672501072685;2,2642630963674235;-0,13969149279331483;89,74870031275728;Not stored
27;MTN;0,5;Combined;200;1620;180;lai;1;-0,18157825552578855;9,092790435868002;2,5672899896533896;9,688918364404419;2,3298940495856044;-0,1912371049789312;87,28622375556483;Not stored
28;RFR;0,5;Inverted;200;1620;180;lai;1;0,002898543936036835;5,549435863384268;2,4305583660855095;8,156538826186232;2,5392298053219875;-0,0028334776408869278;87,36323275662052;Not stored
29;GPR;0,5;Inverted;200;1620;180;lai;1;-0,00387772429108435;6,567975420319822;2,4234934978042344;8,25521532623999;2,2894514717652803;-0,014965596400948078;82,34050940525319;Not stored
30;ANN;0,5;Inverted;200;1620;180;lai;1;-0,20643487536923044;9,434290410269378;2,664700253367541;10,135489370125677;2,6448180633785325;-0,2461422999671874;85,559309799839;Not stored
31;MTN;0,5;Inverted;200;1620;180;lai;1;-0,20741777785482163;8,320742680191044;2,6068043036050006;9,856186856069796;2,2624148076252597;-0,21180250002836143;90,08141954313983;Not stored
32;RFR;0,5;Combined;200;1620;180;cab;2;0,05363252765649951;63,94381622348247;29,347975996245683;1160,6167032634628;30,017222789654983;0,04295902898890913;73,5889526327486;Not stored
33;GPR;0,5;Combined;200;1620;180;cab;2;0,09401515793857007;73,91515160478914;28,32766668315162;1103,6434878862096;29,139072802983343;0,08993896751034625;69,6612465123381;Not stored
34;ANN;0,5;Combined;200;1620;180;cab;2;-0,012488938183020215;89,83783836609987;29,72737553057938;1238,5900828870065;30,66112892067963;-0,021337580510250254;74,26629292809072;Not stored
35;MTN;0,5;Combined;200;1620;180;cab;2;0,056730954405114775;73,67694952469338;28,985849534399453;1165,898093624344;28,663794717262626;0,03860401070849495;73,70468339960007;Not stored
36;RFR;0,5;Inverted;200;1620;180;cab;2;-0,008959284124436806;66,18321177568791;29,814434360836742;1225,3436677460472;29,85692753968064;-0,010414627244738073;73,73134259483051;Not stored
37;GPR;0,5;Inverted;200;1620;180;cab;2;-0,0592092572508911;76,39417384685524;30,225694963913682;1285,917696774165;29,893590015093316;-0,06036378565002076;73,82715362012176;Not stored
38;ANN;0,5;Inverted;200;1620;180;cab;2;-0,16610780454336038;91,90205565413854;32,4067792655367;1414,2796702588255;32,33743545022939;-0,16621067497983333;75,2876892322483;Not stored
39;MTN;0,5;Inverted;200;1620;180;cab;2;-0,06638177499661757;80,85044517432351;30,568167578771572;1293,2158369655087;29,463154796521152;-0,06638180965024332;73,15394912080434;Not stored
40;RFR;0,5;Combined;200;1620;180;cw;2;0,013187396318471656;0,004111291585133538;0,0018894072361664565;4,77086808111357e-06;0,0017034161089990066;0,00963370544565012;37,23801015225561;Not stored
41;GPR;0,5;Combined;200;1620;180;cw;2;-0,01596509298166393;0,004449187368486959;0,0019002502965916625;4,9110192391862635e-06;0,00174739612508063;-0,019459738501673707;37,49999858387045;Not stored
42;ANN;0,5;Combined;200;1620;180;cw;2;-0,021470163269255327;0,004791659472104092;0,0018950209026729178;4,923195055311618e-06;0,0017142477490390494;-0,021987269696044587;37,94994422699515;Not stored
43;MTN;0,5;Combined;200;1620;180;cw;2;-0,008604291971797684;0,0041641929406532625;0,0019067087741859606;4,894561696566344e-06;0,001800248097453501;-0,016043380047646716;37,03941625223362;Not stored
44;RFR;0,5;Inverted;200;1620;180;cw;2;-0,0069589515186785356;0,004273039722373855;0,001908256425942669;4,884580972102622e-06;0,0016950444991216157;-0,013971519552649081;37,52843500265601;Not stored
45;GPR;0,5;Inverted;200;1620;180;cw;2;-0,06009189128210646;0,004845559982573833;0,0019353659751247727;5,137534651606527e-06;0,001894342748006374;-0,06648120835664106;37,73413427472084;Not stored
46;ANN;0,5;Inverted;200;1620;180;cw;2;-0,1448103122509543;0,005078327737434635;0,0019840026575890122;5,530825502175085e-06;0,001986533668223119;-0,14812295483494586;38,880224043376124;Not stored
47;MTN;0,5;Inverted;200;1620;180;cw;2;-0,05720962277137587;0,0050238720827227926;0,0019119846071194947;5,149670642373665e-06;0,001812516207647697;-0,06900047235691287;37,10099225921938;Not stored
48;RFR;0,5;Combined;200;1620;180;cm;2;-0,012793442565322444;0,004567877565490017;0,002054195250004662;5,548522434797433e-06;0,0019861885388488287;-0,016373203379962842;47,325297369966066;Not stored
49;GPR;0,5;Combined;200;1620;180;cm;2;-0,008674739715473834;0,004905284995815981;0,002037618886451734;5,531028950928223e-06;0,0019659437469220246;-0,013168763198389666;47,17597938459785;Not stored
50;ANN;0,5;Combined;200;1620;180;cm;2;-0,09445922867874601;0,006023113190186462;0,0020782311692628215;6,002936848156781e-06;0,0018961858652828513;-0,09961241497106244;48,490560258526315;Not stored
51;MTN;0,5;Combined;200;1620;180;cm;2;-0,18546737266891666;0,005783071822024668;0,0022010716320628263;6,483000380720562e-06;0,001970362107360359;-0,18755000847483005;50,373638553287;Not stored
52;RFR;0,5;Inverted;200;1620;180;cm;2;0,04128357474541089;0,004493924270064283;0,001986641616160813;5,245520195151214e-06;0,0020209395040942557;0,039130466391496754;45,45876494007485;Not stored
53;GPR;0,5;Inverted;200;1620;180;cm;2;0,012256307266699129;0,0050117551019224485;0,0020266032353274477;5,399324900040009e-06;0,0020758641582358417;0,010956662925846405;45,6561828633374;Not stored
54;ANN;0,5;Inverted;200;1620;180;cm;2;-0,04410369501660494;0,00639003772908072;0,0020410292801610022;5,7150764938482195e-06;0,0020814350861541615;-0,04688242173902357;46,3981768685143;Not stored
55;MTN;0,5;Inverted;200;1620;180;cm;2;-0,036300317314751585;0,005283585695283982;0,0020435012414013404;5,657643312506731e-06;0,001980883880012722;-0,036361864746361494;45,5497967841824;Not stored
56;RFR;0,5;Combined;200;1620;180;lai;2;0,017311447569298033;5,333013386670194;2,370120070649229;7,628780581582808;2,2390358778040316;0,01719631559838819;94,24145282433393;Not stored
57;GPR;0,5;Combined;200;1620;180;lai;2;0,03860121172030073;5,965937039100304;2,334088217992044;7,4660129699369815;2,2084616183737467;0,03816540845878058;89,45447543423302;Not stored
58;ANN;0,5;Combined;200;1620;180;lai;2;-0,02656835322097839;6,775557094077541;2,4304624640341057;8,01977613785577;2,389659985125848;-0,03317502084002277;94,11841371180157;Not stored
59;MTN;0,5;Combined;200;1620;180;lai;2;-0,13900649733441073;6,945717626075222;2,521246002213841;8,878971306645097;2,430572723850402;-0,14386376964802916;93,98141255167843;Not stored
60;RFR;0,5;Inverted;200;1620;180;lai;2;0,07122276290094276;5,55967129466453;2,316723152283859;7,218300189088975;2,131050667814643;0,07007785253647858;94,07551736893613;Not stored
61;GPR;0,5;Inverted;200;1620;180;lai;2;0,08326959102521891;6,973342880689046;2,2751884332278056;7,132398739231826;2,17931977082828;0,08114439987156141;90,62347652779398;Not stored
62;ANN;0,5;Inverted;200;1620;180;lai;2;-0,02910784535938915;8,25468663277529;2,387010661909573;7,993858029683745;2,16257492563333;-0,029836032133796264;97,43613021741001;Not stored
63;MTN;0,5;Inverted;200;1620;180;lai;2;-0,008690050973065189;7,152810083561969;2,2864084985496858;7,9794429010772285;1,939747291220483;-0,027978954013105684;95,2131359803742;Not stored
64;RFR;0,5;Combined;200;1620;180;cab;3;0,020162657917904614;82,6129113326963;29,16532416206482;1172,584870940491;28,495573039357755;0,020131376524131772;70,69485248171125;Not stored
65;GPR;0,5;Combined;200;1620;180;cab;3;0,029182338260623553;84,61142033455971;28,93665012891014;1163,0901669109264;27,388076417698997;0,028065610367945637;69,75549024347973;Not stored
66;ANN;0,5;Combined;200;1620;180;cab;3;0,04293026201570049;95,26862944840829;28,49018366131314;1149,61772905961;25,00859697567496;0,039323830953416294;72,31362651095681;Not stored
67;MTN;0,5;Combined;200;1620;180;cab;3;0,008297980371110847;90,2233226460578;29,11214704744744;1188,4387478407216;28,230851698527548;0,006883110304796158;70,84408446153867;Not stored
68;RFR;0,5;Inverted;200;1620;180;cab;3;-0,05259037190042304;69,08495115215204;30,238455034215512;1260,0093590363654;28,232651440036186;-0,0529247535109405;76,14190873776708;Not stored
69;GPR;0,5;Inverted;200;1620;180;cab;3;-0,06274372617258317;75,39808871570536;30,0778523104722;1272,9546857349276;28,48745104400325;-0,06374249452647263;74,65139732746228;Not stored
70;ANN;0,5;Inverted;200;1620;180;cab;3;-0,08090047224506614;95,26239752021345;30,563311898091847;1305,5254168321453;28,483920019723435;-0,09096017252724331;80,59295194225355;Not stored
71;MTN;0,5;Inverted;200;1620;180;cab;3;-0,007212264889220554;72,1959075360045;29,232628706016484;1205,4870095051106;28,226674409163117;-0,00736324158301449;75,05411614217586;Not stored
72;RFR;0,5;Combined;200;1620;180;cw;3;0,02216480704258017;0,004824477786814737;0,002035178110548675;5,2866937430086715e-06;0,0020954343232056005;0,017151333485503795;45,59994850087579;Not stored
73;GPR;0,5;Combined;200;1620;180;cw;3;0,020450693327477065;0,005150727336483923;0,002031676249292268;5,306321558027707e-06;0,0020453066165445353;0,013502328501327487;45,444183667604264;Not stored
74;ANN;0,5;Combined;200;1620;180;cw;3;-0,02074196389633709;0,005262110496438514;0,0020528952245193635;5,491729496399493e-06;0,002091294354489767;-0,02096684142759009;44,28408590561707;Not stored
75;MTN;0,5;Combined;200;1620;180;cw;3;0,029328590487138984;0,005820344316340457;0,0020003924536408546;5,2252393582813295e-06;0,002028478736496076;0,02857631155627116;43,805849958257426;Not stored
76;RFR;0,5;Inverted;200;1620;180;cw;3;0,008231451795321587;0,0042014628742023915;0,0020427857945535537;5,3567008421689324e-06;0,0020133271911624596;0,004136321192196202;46,104128500294436;Not stored
77;GPR;0,5;Inverted;200;1620;180;cw;3;-0,03215983249137233;0,004686293475087435;0,002048942986121758;5,579889300286941e-06;0,0019446706357084003;-0,03735662110899196;46,32945437739846;Not stored
78;ANN;0,5;Inverted;200;1620;180;cw;3;-0,08650142288030005;0,005570483006440783;0,002089151784630563;5,888923725162308e-06;0,001968557794711682;-0,09480917787899545;47,52757704120341;Not stored
79;MTN;0,5;Inverted;200;1620;180;cw;3;-0,05862955247792678;0,0046514211911187365;0,0020529081458910913;5,6973068232784675e-06;0,002145453919755535;-0,05918570020975733;45,47122158046225;Not stored
80;RFR;0,5;Combined;200;1620;180;cm;3;-0,014024637999077827;0,004667032458438896;0,0020353142747757515;5,4457003731806135e-06;0,0020696389396512352;-0,021677314858105978;47,23388818847678;Not stored
81;GPR;0,5;Combined;200;1620;180;cm;3;-0,03848312416368738;0,004995939067982192;0,002043852085702883;5,5748343931779516e-06;0,0021531829074453927;-0,0459043728610522;46,89004210281412;Not stored
82;ANN;0,5;Combined;200;1620;180;cm;3;-0,021447777804037838;0,005121951133965285;0,002024473665874539;5,478963872047825e-06;0,0019197562341264924;-0,02791793771220341;46,547860727705924;Not stored
83;MTN;0,5;Combined;200;1620;180;cm;3;-0,10298816944629041;0,005409193470856707;0,0020912279045362;5,932284419346596e-06;0,002157521812712879;-0,11296619372995242;48,13363001494139;Not stored
84;RFR;0,5;Inverted;200;1620;180;cm;3;0,006291091930177295;0,004301980252849447;0,0020078645138188952;5,3110040515303324e-06;0,001973619300042664;0,0035932962285166736;46,229532099961496;Not stored
85;GPR;0,5;Inverted;200;1620;180;cm;3;-0,00997481121781063;0,004800068123652952;0,002027195501967073;5,394488153965161e-06;0,0018508462533001575;-0,012069301373991204;46,26265479556412;Not stored
86;ANN;0,5;Inverted;200;1620;180;cm;3;-0,17472912397341722;0,0065411019929191554;0,002143556718911503;6,344564291705108e-06;0,0020954298465342184;-0,1903147373692109;50,11557600678922;Not stored
87;MTN;0,5;Inverted;200;1620;180;cm;3;-0,0775238323758114;0,0055606585316175655;0,0020240622211428133;5,744644484315725e-06;0,0018911038071428828;-0,07776273928970712;44,70270911008067;Not stored
88;RFR;0,5;Combined;200;1620;180;lai;3;0,06194219319226324;5,228691076709418;2,2567844154662113;6,910180259535512;2,1544461773904153;0,060728004643983535;75,94179485534728;Not stored
89;GPR;0,5;Combined;200;1620;180;lai;3;0,07071752713147483;5,611152581694866;2,236821287753156;6,841225003152963;2,0544695290809005;0,0701008051817622;72,13601389245738;Not stored
90;ANN;0,5;Combined;200;1620;180;lai;3;0,005384602339207456;5,868357545779095;2,286150051023751;7,318916250394334;1,9934729526456507;0,005170225354794389;73,95260912202697;Not stored
91;MTN;0,5;Combined;200;1620;180;lai;3;-0,02330266706118933;5,560981172864782;2,2809146624605425;7,54665776437291;2,1708250160353346;-0,025785729226111886;77,07053866495707;Not stored
92;RFR;0,5;Inverted;200;1620;180;lai;3;0,07319875533028808;5,198456058642931;2,261556699478406;6,818458743231034;2,3424087849430575;0,07319532798442807;75,71750882559697;Not stored
93;GPR;0,5;Inverted;200;1620;180;lai;3;0,03134547939441923;6,592372409875931;2,2902769903674565;7,126885267896099;2,2256483931569617;0,03127219626248501;74,03538703971144;Not stored
94;ANN;0,5;Inverted;200;1620;180;lai;3;-0,09842172739234112;6,6962598867398535;2,383101634894579;8,09135939941587;2,1436119124975352;-0,09982475171246241;76,82426524520098;Not stored
95;MTN;0,5;Inverted;200;1620;180;lai;3;-0,05316291037518872;7,536800487376224;2,3148591564287635;7,801873783664395;2,0545891403784045;-0,0604761787778354;69,37823985602589;Not stored
96;RFR;0,5;Combined;200;1620;180;cab;4;-0,021406422556976334;66,50998633693739;29,87165000165604;1191,3861155311376;28,5247250163362;-0,022893313079056288;64,84942784969675;Not stored
97;GPR;0,5;Combined;200;1620;180;cab;4;-0,032933034203316724;76,36722966047735;29,96908264207346;1205,9044928821327;26,991506860910857;-0,035358416470386844;64,84677309990123;Not stored
98;ANN;0,5;Combined;200;1620;180;cab;4;-0,12062251936580748;74,63111520999745;31,320908419318776;1311,834678317753;27,86859694873126;-0,12630733464458777;65,88020296388729;Not stored
99;MTN;0,5;Combined;200;1620;180;cab;4;-0,03448926025355692;76,3360102295287;29,982720196574427;1205,619200453167;29,899140960515194;-0,03511347176769419;66,57859507293617;Not stored
100;RFR;0,5;Inverted;200;1620;180;cab;4;-0,03234175882164658;72,9017358153561;30,643022547743968;1213,8564517450984;30,44786273380166;-0,042185762736027366;66,86151323339564;Not stored
101;GPR;0,5;Inverted;200;1620;180;cab;4;-0,07555820114775536;78,8179027096804;31,059993150181583;1267,714922099459;29,986766158969452;-0,08842725276177044;67,46461768704317;Not stored
102;ANN;0,5;Inverted;200;1620;180;cab;4;-0,03207151275683584;72,89477426181752;30,406007301793426;1230,4832416580853;29,582156992292667;-0,05646109463578042;62,862718042939214;Not stored
103;MTN;0,5;Inverted;200;1620;180;cab;4;-0,007008382721829687;77,900538086797;30,418338052060758;1217,058818494967;30,68266946939327;-0,04493523202374594;62,89226581935321;Not stored
104;RFR;0,5;Combined;200;1620;180;cw;4;-0,006891764961585611;0,004177045028273461;0,0019851712315425213;5,505072782055079e-06;0,0019260059908925205;-0,008271456366120367;45,790417472290855;Not stored
105;GPR;0,5;Combined;200;1620;180;cw;4;-0,03126697320760741;0,0050187948506767045;0,002007004303584527;5,640955984850996e-06;0,0019094833626546038;-0,03315889386292059;46,24284897402098;Not stored
106;ANN;0,5;Combined;200;1620;180;cw;4;-0,08076868426363215;0,0069440592402260255;0,0020404216703413247;5,921366166795934e-06;0,0019802061782559174;-0,0845169037789979;46,83852050693291;Not stored
107;MTN;0,5;Combined;200;1620;180;cw;4;-0,04201914742319435;0,0051428424982022;0,001999650756102809;5,694120091438223e-06;0,001889915058313305;-0,04289606779272592;46,055720716228116;Not stored
108;RFR;0,5;Inverted;200;1620;180;cw;4;-0,010088049794620302;0,0047805641217213545;0,0019922415550020483;5,522084203661277e-06;0,0018741218270426582;-0,011387151928520689;45,999794757030216;Not stored
109;GPR;0,5;Inverted;200;1620;180;cw;4;-0,08935783201335212;0,0052350854676699475;0,0020593494008916613;5,958327494032485e-06;0,001992075234291683;-0,09128648752791779;47,515716890893266;Not stored
110;ANN;0,5;Inverted;200;1620;180;cw;4;-0,12639848271697063;0,005975116588700886;0,002100852341114271;6,1591561700069815e-06;0,0020029002503650314;-0,12806889343269412;47,6599928035141;Not stored
111;MTN;0,5;Inverted;200;1620;180;cw;4;-0,13074843065838704;0,0054626091845010605;0,00209793701664025;6,24022847325552e-06;0,0019390753293898224;-0,14291754167106374;49,485688864130154;Not stored
112;RFR;0,5;Combined;200;1620;180;cm;4;0,00925395525443462;0,004197204295611032;0,0020070732194287203;5,569519988774663e-06;0,0020504178614074654;-0,00043732093342541134;42,9495891794146;Not stored
113;GPR;0,5;Combined;200;1620;180;cm;4;-0,0026181482647962273;0,0048988990323703355;0,002010068792048641;5,636911185897081e-06;0,002017290319855279;-0,012542613461243635;42,910191833425884;Not stored
114;ANN;0,5;Combined;200;1620;180;cm;4;-0,0025660585057407648;0,0049167611984744395;0,0020101948038949683;5,584946639337437e-06;0,0019178918519823038;-0,0032083670902041117;43,355355149355795;Not stored
115;MTN;0,5;Combined;200;1620;180;cm;4;-0,08974936313323778;0,005160269136960688;0,00210466359068836;6,09189871093087e-06;0,0020061567406086693;-0,0942707518861634;44,935736776762084;Not stored
116;RFR;0,5;Inverted;200;1620;180;cm;4;-0,010717006038746035;0,004423094997306713;0,0020350007051937106;5,709365854728851e-06;0,0020729260169258666;-0,025557443270862512;43,31486494864871;Not stored
117;GPR;0,5;Inverted;200;1620;180;cm;4;-0,10345433792778502;0,006381317112056373;0,002105741603858324;6,258554739386098e-06;0,002056601047152787;-0,12420670883778473;44,17420195629494;Not stored
118;ANN;0,5;Inverted;200;1620;180;cm;4;-0,09049865361346021;0,006318490766746759;0,0021082501469705003;6,314261995403537e-06;0,0019428660754597232;-0,13421324765602494;43,05818409968119;Not stored
119;MTN;0,5;Inverted;200;1620;180;cm;4;-0,08752265025011563;0,005858764262865518;0,0020974601140426085;6,287608751429134e-06;0,0019699693788203473;-0,12942559987853608;41,93316278689154;Not stored
120;RFR;0,5;Combined;200;1620;180;lai;4;0,04208629162783217;5,264482387263608;2,4250903788623805;7,796258413806476;2,3185298258081497;0,04184819717907051;89,07062630980518;Not stored
121;GPR;0,5;Combined;200;1620;180;lai;4;0,09159214612210309;5,89464467358567;2,3292531226263375;7,391503798457749;2,2578289213853746;0,09159210557873132;85,48638152229222;Not stored
122;ANN;0,5;Combined;200;1620;180;lai;4;0,05473473553134511;6,47543114761792;2,3299450664657098;7,695272438314239;2,371697563040528;0,05425926532762804;84,23310342413988;Not stored
123;MTN;0,5;Combined;200;1620;180;lai;4;-0,00964318434442446;7,110170028796588;2,4353207405686548;8,223387753192691;2,3171274463499607;-0,010645540822976862;86,8576361251735;Not stored
124;RFR;0,5;Inverted;200;1620;180;lai;4;0,06044559750472789;5,617892222482274;2,379964558932275;7,653116257197442;2,4902310186702676;0,05944021480277295;88,04556212285723;Not stored
125;GPR;0,5;Inverted;200;1620;180;lai;4;-0,00015320383553363293;6,150407133694332;2,4207281568311156;8,143518575323046;2,357727821496489;-0,0008297044686940147;86,00503215265225;Not stored
126;ANN;0,5;Inverted;200;1620;180;lai;4;-0,19348464352595784;10,307224124698942;2,5414977695944048;9,72783897526717;2,242701722029962;-0,19554098350533566;90,67007888597816;Not stored
127;MTN;0,5;Inverted;200;1620;180;lai;4;-0,13232864186987592;7,38215115120639;2,577749444043592;9,503112467891555;2,478635802458223;-0,16792233661668443;84,56577488734784;Not stored
128;RFR;0,5;Combined;200;1620;180;cab;5;0,12818659065542348;69,57337922587783;28,07706102428751;1123,5257628485074;27,096742075623705;0,12818626691400536;70,0748447964709;Not stored
129;GPR;0,5;Combined;200;1620;180;cab;5;0,11155509645516926;81,98519219010271;28,522531409235096;1145,7750932488025;28,066943348947987;0,11092162338169642;73,69125484475906;Not stored
130;ANN;0,5;Combined;200;1620;180;cab;5;-0,012047915523688335;81,65668615025322;30,640431154286485;1306,0753305780815;29,493494177725662;-0,013465331454383778;80,92821828040658;Not stored
131;MTN;0,5;Combined;200;1620;180;cab;5;0,11378538406868155;81,00416007236703;28,416473715481807;1142,1122022773268;25,869531823813663;0,11376388900418899;70,54622374463165;Not stored
132;RFR;0,5;Inverted;200;1620;180;cab;5;-0,04646044887051981;76,14771347578319;31,281084367518837;1348,9376949095865;31,541069353895303;-0,046724914004588225;85,13426239503843;Not stored
133;GPR;0,5;Inverted;200;1620;180;cab;5;-0,06177663936690081;75,87275914483925;31,523837905923802;1368,49362878902;30,611952814644834;-0,06189958314273647;84,72667110996441;Not stored
134;ANN;0,5;Inverted;200;1620;180;cab;5;-0,06871398636429138;97,8212552695071;30,95827881276303;1378,2825205258712;29,929397459061438;-0,06949539494347534;81,79486112416785;Not stored
135;MTN;0,5;Inverted;200;1620;180;cab;5;-0,06457067763881486;78,59316689060086;31,436891355825477;1371,9868269073431;31,119619261796526;-0,06461017349379627;83,67439885607418;Not stored
136;RFR;0,5;Combined;200;1620;180;cw;5;0,008867033371369626;0,004201489560084455;0,0020813322747176713;5,707143570960444e-06;0,002033073292899039;0,007609681837349225;45,10249015224203;Not stored
137;GPR;0,5;Combined;200;1620;180;cw;5;0,02566921991892046;0,004649551597063996;0,0020383855223950064;5,611024512995033e-06;0,0020186977807629862;0,024323405844775325;44,31172918412457;Not stored
138;ANN;0,5;Combined;200;1620;180;cw;5;-0,005277841469925049;0,005491757045972091;0,002057594730260212;5,782528806579514e-06;0,001912213138261142;-0,005498728180831858;45,21358078204576;Not stored
139;MTN;0,5;Combined;200;1620;180;cw;5;-0,032502655577785866;0,005510845402421445;0,002074239726120994;5,9581915146173035e-06;0,0021205539365176215;-0,036043950769230504;44,890934097571225;Not stored
140;RFR;0,5;Inverted;200;1620;180;cw;5;-0,010164314223857218;0,004262597039994542;0,002107126552731561;5,819809152186955e-06;0,0020343385099369955;-0,011981244973791494;45,648281529831706;Not stored
141;GPR;0,5;Inverted;200;1620;180;cw;5;-0,06983364677953796;0,005018100214696148;0,002148524214493068;6,166052886250323e-06;0,0020837180165901607;-0,07218805861649491;46,42106509555477;Not stored
142;ANN;0,5;Inverted;200;1620;180;cw;5;-0,08957428197006734;0,004854317819070074;0,0021607586723863567;6,267624608884159e-06;0,00218077382350488;-0,08984992271499315;47,93885308207059;Not stored
143;MTN;0,5;Inverted;200;1620;180;cw;5;-0,17412991939481715;0,005347336904681569;0,0022598236722743952;6,765569771297783e-06;0,002221880200134701;-0,17643543646825033;48,783612764250584;Not stored
144;RFR;0,5;Combined;200;1620;180;cm;5;0,017747978549919052;0,00452690095017721;0,001953863746417932;4,991425625919274e-06;0,0018425272792453387;0,017133153363047215;42,9096998870793;Not stored
145;GPR;0,5;Combined;200;1620;180;cm;5;-0,013570845217154792;0,005047947842238093;0,0019615910380072457;5,14978686326563e-06;0,0018417791651636388;-0,014049923706537015;42,87292615514578;Not stored
146;ANN;0,5;Combined;200;1620;180;cm;5;-0,23574187066266328;0,0063895808059971845;0,002105413134333147;6,283552447556468e-06;0,0018561682085469688;-0,23730089210140504;44,38112139771101;Not stored
147;MTN;0,5;Combined;200;1620;180;cm;5;-0,13119529579524492;0,005120393920932369;0,002067317478235546;5,8831117995111215e-06;0,0019192123925114843;-0,158449704784134;47,243747045107504;Not stored
148;RFR;0,5;Inverted;200;1620;180;cm;5;-0,024853540771331728;0,004841791376030734;0,00199254453283645;5,2122748762940475e-06;0,001968035563289213;-0,02635450378460602;43,93368477634512;Not stored
149;GPR;0,5;Inverted;200;1620;180;cm;5;-0,11009028246049657;0,005417062675932038;0,002075302078283108;5,6482087331932495e-06;0,002009535045476335;-0,11219469602304954;45,26479896546245;Not stored
150;ANN;0,5;Inverted;200;1620;180;cm;5;-0,10305373450455013;0,005131191259977691;0,002075616568279128;5,721386533286436e-06;0,0020470850264352096;-0,12660421326556537;46,463932177148436;Not stored
151;MTN;0,5;Inverted;200;1620;180;cm;5;-0,06772350991950282;0,0049549719903443975;0,0020071198364309158;5,4409124265040564e-06;0,0019809443937616336;-0,07137576320812444;44,3502937344947;Not stored
152;RFR;0,5;Combined;200;1620;180;lai;5;0,03415118351140456;5,592001742045057;2,465426862070295;8,099188555999843;2,4769977985298084;0,031923713953330934;90,11497592484096;Not stored
153;GPR;0,5;Combined;200;1620;180;lai;5;0,017212946010385255;5,973566087530932;2,486099864239759;8,240799964201658;2,6313934678976487;0,014997247163976435;86,71945152158892;Not stored
154;ANN;0,5;Combined;200;1620;180;lai;5;-0,07392118162041883;7,721566150584781;2,5657057980854705;9,039205196455004;2,626263473950149;-0,08043418607849007;85,74995001876424;Not stored
155;MTN;0,5;Combined;200;1620;180;lai;5;-0,029838916902360513;5,949631264121642;2,5359235330337695;8,687499757327904;2,539913025151275;-0,03839569136529408;92,27407076032463;Not stored
156;RFR;0,5;Inverted;200;1620;180;lai;5;0,04947265925005273;5,232146479797098;2,4829970281889553;7,957355475888395;2,511184084891213;0,04887667664625839;90,71270374812542;Not stored
157;GPR;0,5;Inverted;200;1620;180;lai;5;0,05198822521637003;6,142967373381345;2,4158670038398515;7,940358030502092;2,354112963838378;0,05090833990339583;86,81313560260662;Not stored
158;ANN;0,5;Inverted;200;1620;180;lai;5;0,008812556087873347;6,851689753894156;2,4730138157277914;8,365091412413365;2,391515463002449;0,00014099301700798428;82,47182496644312;Not stored
159;MTN;0,5;Inverted;200;1620;180;lai;5;0,017309064253230755;6,358782769014995;2,476309914030738;8,224308362721967;2,2422536970458653;0,016968448130719516;88,98111301854416;Not stored
160;RFR;0,5;Combined;200;1620;180;cab;6;0,026547603719300872;78,1639846400402;30,999767530270898;1287,9973061455423;30,20895090599313;0,026358202599225056;79,56775002235433;Not stored
161;GPR;0,5;Combined;200;1620;180;cab;6;0,02357787208626616;74,27087902240672;30,99033515272121;1291,7022614747361;31,398169205451275;0,023557498476014516;79,98059936687855;Not stored
162;ANN;0,5;Combined;200;1620;180;cab;6;-0,07369297537681607;109,4859156757793;31,619181657584562;1510,2231609880782;29,174437236470276;-0,14163002199210872;67,48165827556069;Not stored
163;MTN;0,5;Combined;200;1620;180;cab;6;0,003911455176506706;80,75111739766295;30,842635116667726;1318,3434854075858;30,568279416466158;0,003418474092057422;78,67310904735768;Not stored
164;RFR;0,5;Inverted;200;1620;180;cab;6;-0,0433883615954378;72,847001014422;32,1610513644029;1383,8081162506653;31,100990353630717;-0,046068508944405284;89,01147368348731;Not stored
165;GPR;0,5;Inverted;200;1620;180;cab;6;-0,07435823751408943;80,1633354428588;32,58250174268319;1422,4060020938512;31,65648574911051;-0,07524598840722563;87,8555124861456;Not stored
166;ANN;0,5;Inverted;200;1620;180;cab;6;-0,1386957299321061;91,65637471686988;33,32251518627386;1506,515115071881;31,037676106296725;-0,13882698158708262;87,64295254334397;Not stored
167;MTN;0,5;Inverted;200;1620;180;cab;6;-0,07187763325986318;75,0322227496408;32,786315058378904;1422,6519890515322;32,51537062053666;-0,07543193847285923;88,56744161033654;Not stored
168;RFR;0,5;Combined;200;1620;180;cw;6;-0,011753107413301045;0,004251984164000159;0,0019017414050454618;4,734955640532559e-06;0,001945560358258284;-0,015170699684847744;39,05851435304019;Not stored
169;GPR;0,5;Combined;200;1620;180;cw;6;-0,0554702992785594;0,004247578718515055;0,00193800538220885;4,939278454896651e-06;0,0019055412700726751;-0,05897734755372652;39,59975916520657;Not stored
170;ANN;0,5;Combined;200;1620;180;cw;6;-0,07171282201845619;0,004462533843516239;0,0019534406475130556;5,053437398412988e-06;0,0018652736489374383;-0,08345293367595041;39,206459438577326;Not stored
171;MTN;0,5;Combined;200;1620;180;cw;6;-0,0683416932002956;0,004848513076354605;0,0019431739882346476;5,077687683235137e-06;0,0018695811296874254;-0,08865217533298275;38,250531070953755;Not stored
172;RFR;0,5;Inverted;200;1620;180;cw;6;-0,013438845265163257;0,004121580574283922;0,0019111344128493258;4,746480319985542e-06;0,0018495665531473686;-0,017641581735732714;39,04366988385297;Not stored
173;GPR;0,5;Inverted;200;1620;180;cw;6;-0,153158730899557;0,004864137744661454;0,002001328389128196;5,39366748335068e-06;0,0019468724823247224;-0,15639799158174816;41,04169396424427;Not stored
174;ANN;0,5;Inverted;200;1620;180;cw;6;-0,1798609861702578;0,005263188991791358;0,002034310985765355;5,504009172799312e-06;0,0019870486987349414;-0,18005516148701406;41,969989124094646;Not stored
175;MTN;0,5;Inverted;200;1620;180;cw;6;-0,04680885351870678;0,005072587673837232;0,0019225194427929416;4,925685256921198e-06;0,0018521179613894747;-0,056062976787173424;38,69934133154035;Not stored
176;RFR;0,5;Combined;200;1620;180;cm;6;-0,022827654373474005;0,004800540652176531;0,0020382171562980944;5,533988286560442e-06;0,0019949314510762936;-0,02291225480321124;43,97916239409118;Not stored
177;GPR;0,5;Combined;200;1620;180;cm;6;-0,07881291752034203;0,00502067457897874;0,002073649090772785;5,836544591676533e-06;0,0020633836025787896;-0,07883730130590028;44,62899338946259;Not stored
178;ANN;0,5;Combined;200;1620;180;cm;6;-0,2245879836672673;0,005657711636036677;0,002230588147265423;6,66075377603144e-06;0,0021084789253776573;-0,23118559543682338;45,810226902199794;Not stored
179;MTN;0,5;Combined;200;1620;180;cm;6;-0,23198442843801081;0,00797881499070022;0,002193850870245912;6,67115581182091e-06;0,002183363567457889;-0,23310832626547184;46,635824048640885;Not stored
180;RFR;0,5;Inverted;200;1620;180;cm;6;0,00776661294178993;0,004338738664791392;0,0019929569076817316;5,371176272884384e-06;0,0020197795183141175;0,0071822078870846795;42,91784409933758;Not stored
181;GPR;0,5;Inverted;200;1620;180;cm;6;-0,09116869917893333;0,005067741674865933;0,002065120350081419;5,911774592852424e-06;0,0020417176465555324;-0,09274294876065992;44,214885761857865;Not stored
182;ANN;0,5;Inverted;200;1620;180;cm;6;-0,1127781117734239;0,005062405154466302;0,002086799250007528;6,026124627090066e-06;0,0020234924321411367;-0,11387961282677628;45,867552295557395;Not stored
183;MTN;0,5;Inverted;200;1620;180;cm;6;-0,23644255083070886;0,006188402940366176;0,0021895253300898464;6,851536921589319e-06;0,0020193093213030913;-0,2664502919803633;44,29845555307749;Not stored
184;RFR;0,5;Combined;200;1620;180;lai;6;0,05831933124747557;5,6162404585067875;2,3488845862412764;7,355681301667774;2,1984256039888685;0,05827883240237486;78,47238607156602;Not stored
185;GPR;0,5;Combined;200;1620;180;lai;6;-0,015487126391813266;6,168110181560304;2,4040812638206357;7,93326259535121;2,1407910446085503;-0,015666803353593606;79,0780886225171;Not stored
186;ANN;0,5;Combined;200;1620;180;lai;6;-0,10268996796593521;7,5780312376531995;2,458265037975324;8,625245942385465;2,199507117247301;-0,10425891859103031;80,78830182863656;Not stored
187;MTN;0,5;Combined;200;1620;180;lai;6;-0,048495710851738094;7,730517517988115;2,4433673919100354;8,217465297438453;2,3782256262117283;-0,05205224332409841;77,90123362058915;Not stored
188;RFR;0,5;Inverted;200;1620;180;lai;6;0,023832493413136202;5,129230083573866;2,4338905799560258;7,626720862669656;2,388399454362469;0,02357862158791657;81,93291287018144;Not stored
189;GPR;0,5;Inverted;200;1620;180;lai;6;-0,04291020923727995;6,445859753347151;2,4775277100398374;8,15756175097067;2,446444164998823;-0,044383009787554384;82,48073370790384;Not stored
190;ANN;0,5;Inverted;200;1620;180;lai;6;-0,19407903273148075;7,1632412175720575;2,606919946452772;9,327825052482504;2,6108856552581976;-0,19420757089877383;83,46275873163222;Not stored
191;MTN;0,5;Inverted;200;1620;180;lai;6;-0,08482185019408384;7,82885350046949;2,4999636870797226;8,521445782325738;2,380900396638965;-0,09096976101073895;81,72529608171303;Not stored
192;RFR;0,5;Combined;200;1620;180;cab;7;-0,05402130609130773;74,93714789083054;28,755777780318013;1141,259293369376;25,2715217178877;-0,061145194547837844;63,55128337806012;Not stored
193;GPR;0,5;Combined;200;1620;180;cab;7;-0,04624621232481396;80,75973641423438;28,989154087770697;1128,1102994157216;25,672952830591363;-0,04891923342916393;65,27915572189553;Not stored
194;ANN;0,5;Combined;200;1620;180;cab;7;-0,14605317278918806;81,23175254987257;29,47570703824912;1233,0344904364613;27,189840696095516;-0,14647795802431296;67,2712945065206;Not stored
195;MTN;0,5;Combined;200;1620;180;cab;7;-0,05376360316375273;89,1340075024644;28,705072960876432;1142,9647342915398;26,53638960300969;-0,06273091695960997;64,422068262741;Not stored
196;RFR;0,5;Inverted;200;1620;180;cab;7;-0,03727603107592303;74,87607008241704;28,049913205863202;1119,956023583788;25,653398588811086;-0,04133737130164716;65,61913735018834;Not stored
197;GPR;0,5;Inverted;200;1620;180;cab;7;-0,08362910245518496;78,06424801620639;28,656750585124293;1171,2974756288681;24,192095227202095;-0,0890747570432342;66,36099404441195;Not stored
198;ANN;0,5;Inverted;200;1620;180;cab;7;-0,10197221778485654;81,18488466589666;28,281669860375967;1190,4145056132033;25,033463406654942;-0,10684981010940775;64,06520418259382;Not stored
199;MTN;0,5;Inverted;200;1620;180;cab;7;-0,09592404535737042;77,30959355357845;29,620978290800565;1234,2132992935642;27,026243097963416;-0,14757401687901206;64,7508781986153;Not stored
200;RFR;0,5;Combined;200;1620;180;cw;7;0,01314962636445216;0,004699993704773554;0,0020394814846734204;5,4186009228465915e-06;0,00219900741540392;0,0075443291701151605;43,26318989574499;Not stored
201;GPR;0,5;Combined;200;1620;180;cw;7;0,007872098728077037;0,004742520915918402;0,0020429115895941514;5,464471648204213e-06;0,00204035991313383;-0,0008572235839001685;42,91676802459502;Not stored
202;ANN;0,5;Combined;200;1620;180;cw;7;-0,054931048033681984;0,006347457813943989;0,0020663876725892935;5,774587628796625e-06;0,0019958823117056422;-0,05765719242017764;44,16365769905405;Not stored
203;MTN;0,5;Combined;200;1620;180;cw;7;0,014375867879419357;0,0048527641451636475;0,001993693092665307;5,412732934764271e-06;0,001981992787503944;0,00861909332632127;42,6141397123765;Not stored
204;RFR;0,5;Inverted;200;1620;180;cw;7;-0,009941993156140638;0,004321798331856006;0,0020565732067733176;5,54629113307815e-06;0,002129706188916133;-0,015843049796925746;43,6590354419078;Not stored
205;GPR;0,5;Inverted;200;1620;180;cw;7;-0,06712568871314106;0,004895916979225005;0,0021056216143050385;5,877463054806566e-06;0,002087441878566066;-0,07649956545822922;44,12870345318706;Not stored
206;ANN;0,5;Inverted;200;1620;180;cw;7;-0,09336447543428372;0,005045062063488022;0,002125691560789004;6,07441312221876e-06;0,002167583233052566;-0,11257238463363994;43,457278212399174;Not stored
207;MTN;0,5;Inverted;200;1620;180;cw;7;-0,0885936944514445;0,004717749780405256;0,002129982674899165;6,039084416994126e-06;0,00213476230453759;-0,10610167857085684;43,71108082437271;Not stored
208;RFR;0,5;Combined;200;1620;180;cm;7;0,022884069731064494;0,004271806116163814;0,0019842325260121746;5,33755498885363e-06;0,0020834138880383582;0,01851767995230158;41,502382677846505;Not stored
209;GPR;0,5;Combined;200;1620;180;cm;7;-0,0030098883717970537;0,004431678120231538;0,0020155692936790637;5,473004933112355e-06;0,0019284603127344283;-0,006389178303773724;42,096870741818854;Not stored
210;ANN;0,5;Combined;200;1620;180;cm;7;-0,04993924823441098;0,005652527629611849;0,0020345269445464424;5,752751425424321e-06;0,001964327367579801;-0,0578296293853886;44,31643600549394;Not stored
211;MTN;0,5;Combined;200;1620;180;cm;7;-0,10182005379300985;0,005361721048781756;0,002065128318327307;6,022349678429945e-06;0,0019680886311365274;-0,10740399806043577;42,30139175727103;Not stored
212;RFR;0,5;Inverted;200;1620;180;cm;7;-0,004480205953905747;0,004180100479857049;0,002016177073456727;5,4879877778249015e-06;0,0020952191582701086;-0,00914425946361086;42,04828464793021;Not stored
213;GPR;0,5;Inverted;200;1620;180;cm;7;-0,11330983673037642;0,004674526666531929;0,0021197620345614985;6,076002537686992e-06;0,002109882683134724;-0,1172698135678667;44,05615390194157;Not stored
214;ANN;0,5;Inverted;200;1620;180;cm;7;-0,22648691593216097;0,005748643692336726;0,0021823842407763844;6,671089365980754e-06;0,0019574809585896262;-0,22669579645390558;45,604124794357624;Not stored
215;MTN;0,5;Inverted;200;1620;180;cm;7;-0,18793249403360024;0,0062713600204664915;0,002143140957997286;6,466156605436774e-06;0,0020231282433026514;-0,1890122725009873;45,22065571127457;Not stored
216;RFR;0,5;Combined;200;1620;180;lai;7;0,028874927412229523;5,641759178708767;2,3693702884147205;7,901267125006654;2,36095571776985;0,02593768326822743;95,74818261830075;Not stored
217;GPR;0,5;Combined;200;1620;180;lai;7;0,044632449790197315;5,89941200941503;2,327424574583185;7,765256897740523;2,230639866536727;0,042704922620352304;91,18885943113182;Not stored
218;ANN;0,5;Combined;200;1620;180;lai;7;-0,10071655693889836;6,554713900389242;2,544367829445052;9,005265790980994;2,4106233772005368;-0,11016244867698233;92,25589377752323;Not stored
219;MTN;0,5;Combined;200;1620;180;lai;7;-0,05730876252725636;6,53893393352995;2,4418480898184964;8,624614651670722;2,1517197648334148;-0,06323606019307926;91,37049073052478;Not stored
220;RFR;0,5;Inverted;200;1620;180;lai;7;0,038230024040271315;5,283272708429016;2,403571806835463;7,820605528573598;2,5035940878383123;0,035881584701986324;96,48874142488313;Not stored
221;GPR;0,5;Inverted;200;1620;180;lai;7;0,06961227557475136;5,441274963242202;2,3547672095261847;7,569483755267814;2,358144014323488;0,06683968957530018;90,10529523186304;Not stored
222;ANN;0,5;Inverted;200;1620;180;lai;7;-0,0479269803209561;6,994788393536446;2,4345315319542697;8,527658830828608;2,231431406424299;-0,05128341892985655;91,98845761905692;Not stored
223;MTN;0,5;Inverted;200;1620;180;lai;7;-0,05885927001327529;6,653837505729381;2,4874973522134596;8,681903860078096;2,339041281097052;-0,07029863106711098;94,81921107636488;Not stored
224;RFR;0,5;Combined;200;1620;180;cab;8;0,011385204199688914;70,24470615618067;29,07133781305854;1157,274734215304;28,632564450981267;0,01004711231084443;65,85949581166078;Not stored
225;GPR;0,5;Combined;200;1620;180;cab;8;0,022699311312156523;72,17997613426785;28,737779862001936;1146,7399145409872;28,71541634628266;0,019058779851435892;64,05900916749086;Not stored
226;ANN;0,5;Combined;200;1620;180;cab;8;-0,06071385929218476;92,23450354590362;29,289440492207987;1240,4911049546592;28,04383892787166;-0,06113761511889093;66,51182403642657;Not stored
227;MTN;0,5;Combined;200;1620;180;cab;8;0,042351927358931674;76,70912772058418;28,589793850010633;1119,7381931920354;27,526763155679646;0,042156520804103814;65,23916263664898;Not stored
228;RFR;0,5;Inverted;200;1620;180;cab;8;-0,009414623823268853;70,0331802760742;29,706903068646312;1183,5811823454667;27,816361263418393;-0,012455879866684949;67,64699829130471;Not stored
229;GPR;0,5;Inverted;200;1620;180;cab;8;-0,040254959565035886;76,62025574839107;29,978061248499458;1218,8830862475743;29,09642862513095;-0,04265374099299102;68,5793126696085;Not stored
230;ANN;0,5;Inverted;200;1620;180;cab;8;-0,11775076713621524;85,46441297049276;31,031393408859422;1320,4576973608869;28,798603145211448;-0,129542425775095;68,83804792873768;Not stored
231;MTN;0,5;Inverted;200;1620;180;cab;8;-0,027656932694507752;66,7203936023277;29,62053365420479;1201,7829278198242;27,70918931229815;-0,028025968766570042;69,31135235350794;Not stored
232;RFR;0,5;Combined;200;1620;180;cw;8;0,037176774933742496;0,004608598636012297;0,0018870864860069635;4,870695823041341e-06;0,0019045365714867603;0,0258647931819731;43,621012116568465;Not stored
233;GPR;0,5;Combined;200;1620;180;cw;8;-0,021002733446541466;0,005334216292992449;0,0019223822781130229;5,13686313905874e-06;0,0018467841093268537;-0,0273684537414427;43,74775792332724;Not stored
234;ANN;0,5;Combined;200;1620;180;cw;8;-0,060621184513267146;0,004928780009699145;0,001944656385101745;5,332634427194496e-06;0,001901164327093132;-0,06652255229035897;43,92199234891641;Not stored
235;MTN;0,5;Combined;200;1620;180;cw;8;-0,006354600556961021;0,004877388233048001;0,0019234190341164544;5,10949188820827e-06;0,0018479775220857546;-0,021894225812455925;44,413183353383445;Not stored
236;RFR;0,5;Inverted;200;1620;180;cw;8;-0,0011957272722065149;0,004252675762668752;0,0019375038090288779;5,07271955839539e-06;0,00196738838999792;-0,014539789730039443;44,950927151439515;Not stored
237;GPR;0,5;Inverted;200;1620;180;cw;8;-0,06645529259692506;0,00481015636721146;0,0019914740763472857;5,377634377770437e-06;0,001892545847130432;-0,07552250583985476;45,86550408492543;Not stored
238;ANN;0,5;Inverted;200;1620;180;cw;8;-0,08084577044330254;0,005617834288334265;0,001969410080325569;5,438636329230965e-06;0,0018284720644339992;-0,08772284656349272;45,06280534646622;Not stored
239;MTN;0,5;Inverted;200;1620;180;cw;8;-0,0472410754397774;0,00470184825878958;0,001969231348423;5,307264513408478e-06;0,0019343663650430707;-0,06144859014803261;45,97074762635959;Not stored
240;RFR;0,5;Combined;200;1620;180;cm;8;0,02534289760360897;0,004043717385688752;0,0020908779634808217;5,5439784786234805e-06;0,002050127106397107;0,019457381164717846;43,48150078499008;Not stored
241;GPR;0,5;Combined;200;1620;180;cm;8;0,0029501654960712997;0,004541058303216285;0,0021181476379490646;5,688167104347946e-06;0,002116991257961814;-0,006044718675545679;43,43543149621202;Not stored
242;ANN;0,5;Combined;200;1620;180;cm;8;-0,08019352741755337;0,0047957423897970666;0,002174665278272443;6,115026012760519e-06;0,002136497965896423;-0,08154164809940556;45,40098259101358;Not stored
243;MTN;0,5;Combined;200;1620;180;cm;8;-0,055146673239969246;0,0048735586122303515;0,0021605936274943787;5,983529651077389e-06;0,0021250956468763507;-0,058284381255883755;44,78772003736794;Not stored
244;RFR;0,5;Inverted;200;1620;180;cm;8;-0,02984641197226434;0,004712962339722244;0,002129815213462214;5,850519513101578e-06;0,002087740369224793;-0,03475937849381916;44,70480282910739;Not stored
245;GPR;0,5;Inverted;200;1620;180;cm;8;-0,11454887574504213;0,005442225963266954;0,0021811293841190443;6,328881606063903e-06;0,002046762970270873;-0,11936548243043954;45,93211400405694;Not stored
246;ANN;0,5;Inverted;200;1620;180;cm;8;-0,1391647733404311;0,006454531768026879;0,002180487190893797;6,459437325791408e-06;0,002029484569302912;-0,14245638146966488;45,793988582678054;Not stored
247;MTN;0,5;Inverted;200;1620;180;cm;8;-0,12600311584558033;0,004967893018986647;0,0021951256663744756;6,412965628855406e-06;0,0021615626120312106;-0,1342371072442965;45,29021225505452;Not stored
248;RFR;0,5;Combined;200;1620;180;lai;8;0,0467216121534586;5,119121050495572;2,558691638378978;8,530442847431912;2,57997745340717;0,04170875685093278;104,57889697747942;Not stored
249;GPR;0,5;Combined;200;1620;180;lai;8;0,0073666452363814194;6,148674840163397;2,6106192494928786;8,876665958461071;2,635015354593125;0,0028148117874648992;104,12916547786656;Not stored
250;ANN;0,5;Combined;200;1620;180;lai;8;-0,07617664792660017;6,592887635039576;2,687949709424527;9,607763961884606;2,6069187453543585;-0,07931513469889562;105,4710449501939;Not stored
251;MTN;0,5;Combined;200;1620;180;lai;8;-0,10723033845690266;7,478612607697016;2,697943033502604;9,909923267587954;2,5746672194903546;-0,11325904849918467;107,66684238040357;Not stored
252;RFR;0,5;Inverted;200;1620;180;lai;8;0,054182881482303435;5,033157386601356;2,516802407714752;8,483773183811458;2,5558702638135293;0,046951524520568944;105,30016552430507;Not stored
253;GPR;0,5;Inverted;200;1620;180;lai;8;0,03998923067393256;6,1127710885984365;2,5094780347318033;8,620377329754445;2,3603642649405003;0,03160571432333725;104,3795198697318;Not stored
254;ANN;0,5;Inverted;200;1620;180;lai;8;-0,060206560948944166;7,372906960346334;2,6109534369475282;9,542998006390503;2,532102983226555;-0,07203946928336968;106,80219347118691;Not stored
255;MTN;0,5;Inverted;200;1620;180;lai;8;-0,09860647171650339;7,763459915992355;2,6744327412184776;9,84593127772154;2,756382288791116;-0,10607032868505106;110,15872932570987;Not stored
256;RFR;0,5;Combined;200;1620;180;cab;9;0,0013490463073903003;92,64057939076896;31,464246131445524;1329,467815219497;32,58801215222856;-0,0011122404261854069;69,82702975629527;Not stored
257;GPR;0,5;Combined;200;1620;180;cab;9;0,001918657197226059;84,78157319694667;31,49896331635491;1329,8449438242637;31,098028545811182;-0,0013962247830272556;70,53170191595555;Not stored
258;ANN;0,5;Combined;200;1620;180;cab;9;-0,04043391048909384;80,53989990680608;32,19190961033469;1385,8167459692745;31,535252322812006;-0,04354395909040609;72,18280575612565;Not stored
259;MTN;0,5;Combined;200;1620;180;cab;9;-0,007371724393168355;93,61694153278265;31,708399382762916;1342,553509702731;30,939282795833037;-0,010965994516110467;70,37161052163475;Not stored
260;RFR;0,5;Inverted;200;1620;180;cab;9;-0,04269129942309058;72,31870017991572;32,660847572071674;1394,5698847476283;33,69226523295403;-0,05013522386029634;72,08981496580343;Not stored
261;GPR;0,5;Inverted;200;1620;180;cab;9;-0,06312572827429785;75,37879945241878;32,82309230949338;1418,581099710522;34,43609926234555;-0,06821608368381038;73,84704997791953;Not stored
262;ANN;0,5;Inverted;200;1620;180;cab;9;-0,021442389594807487;72,32120701056635;32,366903135849334;1365,6495549590923;32,88011593180559;-0,028357715734847355;71,7410831914253;Not stored
263;MTN;0,5;Inverted;200;1620;180;cab;9;-0,014920168468218087;91,5558063371943;32,43206402465497;1355,148240549843;33,82769031396485;-0,020450044503312004;72,83535144717193;Not stored
264;RFR;0,5;Combined;200;1620;180;cw;9;-0,02192210726203947;0,00463962003964034;0,001978244403559914;5,12650872690542e-06;0,0019420626450341945;-0,022152926681386687;43,18422842176025;Not stored
265;GPR;0,5;Combined;200;1620;180;cw;9;-0,10476476758513908;0,0049288890650490995;0,002017545432402255;5,5410748037906014e-06;0,001814929507893;-0,1048115061093402;43,68427614826151;Not stored
266;ANN;0,5;Combined;200;1620;180;cw;9;-0,08263605202307756;0,0053423981657392434;0,002004405666382993;5,435152803192043e-06;0,0018456348765094855;-0,0836921657006251;43,38354810366034;Not stored
267;MTN;0,5;Combined;200;1620;180;cw;9;-0,07607755568657493;0,005045470177210038;0,0019804448825226926;5,40131659765711e-06;0,0018574416818546683;-0,07694570756356822;42,19356785120924;Not stored
268;RFR;0,5;Inverted;200;1620;180;cw;9;-0,06583919752679823;0,004317263311810093;0,0020087466699624953;5,3469864949768375e-06;0,001951132214590619;-0,06611305781695132;43,9598522735852;Not stored
269;GPR;0,5;Inverted;200;1620;180;cw;9;-0,22944578231875257;0,005202814351893224;0,0021502677074322655;6,166229213360267e-06;0,0020846492898859274;-0,2294584039124652;46,49990758988636;Not stored
270;ANN;0,5;Inverted;200;1620;180;cw;9;-0,348244843232427;0,006460949633041727;0,0021913916822179514;6,775801728396724e-06;0,0020713671576785713;-0,35099849356430957;48,16879153068159;Not stored
271;MTN;0,5;Inverted;200;1620;180;cw;9;-0,15780062935389472;0,005610442924084472;0,0020816183793692855;5,816116844956005e-06;0,0020236065801683247;-0,15965097724145028;45,42396899772456;Not stored
272;RFR;0,5;Combined;200;1620;180;cm;9;0,0253190556735734;0,004201317116104736;0,002079337391687491;5,5479631048393724e-06;0,002116892665431992;0,008351572336943947;48,70849820187317;Not stored
273;GPR;0,5;Combined;200;1620;180;cm;9;0,027587586403401088;0,004552483546609965;0,0020532726715844062;5,540048461599222e-06;0,0021683689727387493;0,009766243519195084;48,10070861114071;Not stored
274;ANN;0,5;Combined;200;1620;180;cm;9;-0,09612269623639991;0,005749750517423811;0,002154321213526455;6,228415441814195e-06;0,0020790094050371953;-0,11327315322623588;50,545906797711396;Not stored
275;MTN;0,5;Combined;200;1620;180;cm;9;-0,07346648193561411;0,007927997604127587;0,0020673086625216924;6,1273211572938274e-06;0,0018874546222790818;-0,09520346054877393;49,37593746749421;Not stored
276;RFR;0,5;Inverted;200;1620;180;cm;9;-0,0005580103463822539;0,0044493433463215545;0,0020966705842741665;5,699168945249472e-06;0,0023023464098581156;-0,018675109539392665;48,8741026413361;Not stored
277;GPR;0,5;Inverted;200;1620;180;cm;9;-0,020064900242251715;0,004961834565524657;0,002103999307214918;5,801247228872781e-06;0,002256298124853804;-0,03692068319241515;48,242726685828224;Not stored
278;ANN;0,5;Inverted;200;1620;180;cm;9;-0,2683592831861432;0,006785278693655139;0,0023356823947893687;7,466881487097388e-06;0,002303421391490071;-0,3346378024337793;55,9740536688271;Not stored
279;MTN;0,5;Inverted;200;1620;180;cm;9;-0,05562509712922248;0,005894550771741431;0,0020905487818783167;5,944425239008654e-06;0,0020588264128305763;-0,06251246272377431;46,63957835163471;Not stored
280;RFR;0,5;Combined;200;1620;180;lai;9;0,07113996190704042;5,242325666120115;2,6142492789088987;8,708230909875423;2,803395832609772;0,06645471830115457;104,42645785199235;Not stored
281;GPR;0,5;Combined;200;1620;180;lai;9;0,07112602728797013;6,190566582193555;2,6017255541956876;8,724209813684054;2,7135918309905915;0,06474173774153824;100,8734806025136;Not stored
282;ANN;0,5;Combined;200;1620;180;lai;9;0,003389529864358365;8,117982188343186;2,627054940307598;9,387651443761987;2,6566400919015667;-0,006380951798018897;103,09056554208502;Not stored
283;MTN;0,5;Combined;200;1620;180;lai;9;0,027082938209229135;7,421695986866135;2,5908877003634645;9,218799516368346;2,625606318686951;0,01172041939384183;101,80976417009222;Not stored
284;RFR;0,5;Inverted;200;1620;180;lai;9;0,057015306552037015;5,865465540397534;2,6194091720497177;8,850775562279548;2,7079316364048123;0,05117355625337694;106,5620770350169;Not stored
285;GPR;0,5;Inverted;200;1620;180;lai;9;0,03869078643712465;6,260676293619123;2,5862965444247474;9,01654445832814;2,469783021186525;0,03340269413911057;103,66215376386916;Not stored
286;ANN;0,5;Inverted;200;1620;180;lai;9;0,033239852809690995;7,433070723413316;2,559200565257165;9,027722291206139;2,58668684039401;0,03220440102414035;100,17784261541935;Not stored
287;MTN;0,5;Inverted;200;1620;180;lai;9;-0,029357864519969246;7,762368027566758;2,5989438881845244;9,6471855254503;2,286030044033397;-0,03420368869000989;103,52394941806133;Not stored
288;RFR;0,5;Combined;200;1620;180;cab;10;0,011364585908142266;71,31055703086818;29,61454704574533;1199,153528581837;26,709022549649205;0,003702441546515556;72,57833511789539;Not stored
289;GPR;0,5;Combined;200;1620;180;cab;10;0,06330806104864428;71,04533294980625;29,058144102831587;1140,0239371557184;28,150451103881302;0,052829318269185244;73,76522692920076;Not stored
290;ANN;0,5;Combined;200;1620;180;cab;10;0,07771364312453444;93,29247032918276;28,42195167317604;1112,4484982580777;26,738447714274557;0,0757399312909336;68,89637252998918;Not stored
291;MTN;0,5;Combined;200;1620;180;cab;10;0,042746352304955604;73,4918171965499;29,07880060038621;1165,4603112807463;27,236025287942976;0,03169591305238595;74,22002509395817;Not stored
292;RFR;0,5;Inverted;200;1620;180;cab;10;-0,06610431158974239;74,0115098723041;31,726336166769638;1304,6966600471717;33,30868300519592;-0,08398638368239819;82,22042000091263;Not stored
293;GPR;0,5;Inverted;200;1620;180;cab;10;-0,051150118251647614;73,92976020758286;31,519086587353634;1292,2376102157878;32,02629411930954;-0,07363498110399935;81,2021985213133;Not stored
294;ANN;0,5;Inverted;200;1620;180;cab;10;-0,020860992333443518;74,18045558372985;31,11236434193211;1290,4437214237175;30,25739044097952;-0,07214455724994107;81,55495769394486;Not stored
295;MTN;0,5;Inverted;200;1620;180;cab;10;-0,01376312054387685;66,69181575218688;31,318956802873796;1249,3415381160457;30,302634807443937;-0,03799546466046255;81,76166192302964;Not stored
296;RFR;0,5;Combined;200;1620;180;cw;10;0,008244613405782086;0,004331135961031343;0,0019419337981242321;4,979241210192322e-06;0,0018789459241644957;0,008088526293638654;43,67569111799601;Not stored
297;GPR;0,5;Combined;200;1620;180;cw;10;0,025345606830830092;0,004879417265646332;0,0019019179603389459;4,8937966250784086e-06;0,001840513376161757;0,02510988773463163;42,63488537070624;Not stored
298;ANN;0,5;Combined;200;1620;180;cw;10;-0,05222288519220153;0,005370218301831164;0,001991885242029874;5,363638255877479e-06;0,0019137771519787657;-0,0684869646252293;42,31938808479612;Not stored
299;MTN;0,5;Combined;200;1620;180;cw;10;-0,04321948137197662;0,004975817081460172;0,0019628161517888376;5,23680093001658e-06;0,0017623991408122052;-0,04321978163394813;43,81636616468945;Not stored
300;RFR;0,5;Inverted;200;1620;180;cw;10;-0,011184552125337754;0,004049794394523364;0,0019596455884325547;5,0762046096067796e-06;0,0019547713075609183;-0,01122749081593577;44,0320096673856;Not stored
301;GPR;0,5;Inverted;200;1620;180;cw;10;-0,04751082256091688;0,0046001549197486604;0,0019636109804049098;5,259476701058712e-06;0,0018192716077122433;-0,04773700755700405;43,941078197229125;Not stored
302;ANN;0,5;Inverted;200;1620;180;cw;10;0,0022017604044745065;0,004867107667593339;0,0019139605666780263;5,013722734465615e-06;0,001849673735964676;0,0012194837801824399;42,944423340600714;Not stored
303;MTN;0,5;Inverted;200;1620;180;cw;10;-0,0704770385110789;0,004831149564235672;0,002010739586832911;5,375677925061902e-06;0,001920668002926595;-0,07088537946386242;43,932289117861565;Not stored
304;RFR;0,5;Combined;200;1620;180;cm;10;0,014403367501019115;0,004502461101772241;0,0019242789585141899;5,0184771680431255e-06;0,0019265481764160033;0,014378481468544146;40,88131601661378;Not stored
305;GPR;0,5;Combined;200;1620;180;cm;10;-0,010526376738986265;0,005354536977240297;0,0019221764500019537;5,148010391227422e-06;0,0018214089164238479;-0,011061652631928931;40,488845665542875;Not stored
306;ANN;0,5;Combined;200;1620;180;cm;10;-0,1491658071803974;0,006190434069914704;0,0020539204892772037;5,86729379195369e-06;0,0019023434887906285;-0,15232785230555113;42,2684330819147;Not stored
307;MTN;0,5;Combined;200;1620;180;cm;10;-0,06510023443865176;0,005510419620363067;0,0019663424042186376;5,4519491868853965e-06;0,0017750231641317877;-0,07075478409113756;40,156229019927835;Not stored
308;RFR;0,5;Inverted;200;1620;180;cm;10;0,05036522647564845;0,004269945623914223;0,001905271697190217;4,8364878527976735e-06;0,001863160217499881;0,05012091472916336;40,79049414378291;Not stored
309;GPR;0,5;Inverted;200;1620;180;cm;10;0,08003167465499983;0,004239206129194038;0,0018676891861587083;4,6843038716705015e-06;0,0017956712734608611;0,08000962430223368;39,73905150639684;Not stored
310;ANN;0,5;Inverted;200;1620;180;cm;10;0,04581150810499801;0,004902926635188263;0,0018762009797752394;4,881806985983978e-06;0,0018661601184663812;0,0412203037721085;39,02183673099259;Not stored
311;MTN;0,5;Inverted;200;1620;180;cm;10;-0,001610627306815715;0,005706041209708419;0,0019019934835977624;5,122828156844208e-06;0,0016706174375690883;-0,0061158989178642376;39,21402149794996;Not stored
312;RFR;0,5;Combined;200;1620;180;lai;10;0,04725768317984491;5,356975983964412;2,454127403830374;7,8878671894767;2,4383303348128345;0,04711037201605628;102,24046169639496;Not stored
313;GPR;0,5;Combined;200;1620;180;lai;10;0,08842379614182316;5,849270824444074;2,4010635627289605;7,548724984177751;2,412592696717869;0,0880802669291082;93,43510185195667;Not stored
314;ANN;0,5;Combined;200;1620;180;lai;10;-0,029646568725151035;6,2944676835559505;2,498484123756595;8,535959324923919;2,415306759205889;-0,03118205596365331;92,9464920308639;Not stored
315;MTN;0,5;Combined;200;1620;180;lai;10;0,070692715603633;7,063850658571557;2,4011378975509308;7,726704591303975;2,2401384925085726;0,066579534532207;88,6093806551945;Not stored
316;RFR;0,5;Inverted;200;1620;180;lai;10;0,013429806194970917;5,6303881256685555;2,4837953109292643;8,18000550833769;2,475240121356755;0,011818756767933647;100,70638059806207;Not stored
317;GPR;0,5;Inverted;200;1620;180;lai;10;-0,040371903760173744;6,3289440401699855;2,4804181253718744;8,620708172611307;2,4040521080010517;-0,04142009572840011;98,38112232797364;Not stored
318;ANN;0,5;Inverted;200;1620;180;lai;10;-0,04535147165462816;7,930763938726384;2,4611265445614037;8,654255080269389;2,3919701105677245;-0,04547271218230886;98,42675773716769;Not stored
319;MTN;0,5;Inverted;200;1620;180;lai;10;-0,2966033607385965;8,546827174720622;2,771133976062147;10,790511676409551;2,6855266314809763;-0,30354206151034857;114,00291565635699;Not stored
